image,model,detected_good,detected_defective,gt_good,gt_defective,matches
WIN_20220329_14_30_32_Pro.jpg,CS1,0,487,0,0,0
WIN_20220329_14_30_42_Pro.jpg,CS1,1,378,0,0,0
WIN_20220329_14_30_48_Pro.jpg,CS1,0,417,0,0,0
WIN_20220329_14_30_53_Pro.jpg,CS1,0,408,0,0,0
WIN_20220329_14_30_57_Pro.jpg,CS1,0,373,0,0,0
WIN_20220329_14_31_01_Pro.jpg,CS1,0,328,0,0,0
WIN_20220329_14_31_07_Pro.jpg,CS1,0,357,0,0,0
WIN_20220329_14_31_21_Pro.jpg,CS1,0,346,0,0,0
WIN_20220329_14_31_29_Pro.jpg,CS1,0,327,0,0,0
WIN_20220329_14_31_44_Pro.jpg,CS1,1,357,0,0,0
WIN_20220329_14_31_57_Pro.jpg,CS1,0,428,0,0,0
WIN_20220329_14_32_09_Pro.jpg,CS1,2,369,0,0,0
WIN_20220329_14_32_17_Pro.jpg,CS1,1,306,0,0,0
WIN_20220329_14_32_22_Pro.jpg,CS1,0,323,0,0,0
WIN_20220329_14_32_28_Pro.jpg,CS1,0,330,0,0,0
WIN_20220329_14_32_34_Pro.jpg,CS1,0,294,0,0,0
WIN_20220329_14_32_39_Pro.jpg,CS1,0,234,0,0,0
WIN_20220329_14_32_45_Pro.jpg,CS1,0,232,0,0,0
WIN_20220329_14_32_52_Pro.jpg,CS1,0,287,0,0,0
WIN_20220329_14_32_57_Pro.jpg,CS1,0,395,0,0,0
WIN_20220329_15_00_59_Pro.jpg,CS1,2,1080,0,0,0
WIN_20220329_15_01_03_Pro.jpg,CS1,3,1074,0,0,0
WIN_20220329_15_01_05_Pro.jpg,CS1,0,871,0,0,0
WIN_20220329_15_01_08_Pro.jpg,CS1,5,1093,0,0,0
WIN_20220329_15_01_11_Pro.jpg,CS1,4,859,0,0,0
WIN_20220329_15_01_15_Pro.jpg,CS1,4,906,0,0,0
WIN_20220329_15_01_21_Pro.jpg,CS1,0,796,0,0,0
WIN_20220329_15_01_26_Pro.jpg,CS1,3,1097,0,0,0
WIN_20220329_15_01_30_Pro.jpg,CS1,2,1433,0,0,0
WIN_20220329_15_01_38_Pro.jpg,CS1,2,1886,0,0,0
WIN_20220329_15_01_47_Pro.jpg,CS1,2,1186,0,0,0
WIN_20220329_15_01_51_Pro.jpg,CS1,3,776,0,0,0
WIN_20220329_15_01_56_Pro.jpg,CS1,2,726,0,0,0
WIN_20220329_15_02_00_Pro.jpg,CS1,1,756,0,0,0
WIN_20220329_15_02_03_Pro.jpg,CS1,2,822,0,0,0
WIN_20220329_15_02_07_Pro.jpg,CS1,2,781,0,0,0
WIN_20220329_15_02_10_Pro.jpg,CS1,1,767,0,0,0
WIN_20220329_15_02_14_Pro.jpg,CS1,2,922,0,0,0
WIN_20220329_15_02_21_Pro.jpg,CS1,1,1441,0,0,0
WIN_20220329_15_02_28_Pro.jpg,CS1,6,2329,0,0,0
WIN_20220330_13_11_16_Pro.jpg,CS1,0,499,0,0,0
WIN_20220330_13_11_29_Pro.jpg,CS1,2,394,0,0,0
WIN_20220330_13_11_58_Pro.jpg,CS1,0,421,0,0,0
WIN_20220330_13_12_12_Pro.jpg,CS1,0,389,0,0,0
WIN_20220330_13_13_31_Pro.jpg,CS1,0,393,0,0,0
WIN_20220330_13_17_14_Pro.jpg,CS1,0,357,0,0,0
WIN_20220330_13_17_51_Pro.jpg,CS1,0,383,0,0,0
WIN_20220330_13_18_07_Pro.jpg,CS1,1,484,0,0,0
WIN_20220330_13_18_32_Pro.jpg,CS1,1,481,0,0,0
WIN_20220330_13_19_17_Pro.jpg,CS1,0,494,0,0,0
WIN_20220330_13_20_12_Pro.jpg,CS1,0,420,0,0,0
WIN_20220330_13_20_23_Pro.jpg,CS1,1,351,0,0,0
WIN_20220330_13_20_35_Pro.jpg,CS1,1,353,0,0,0
WIN_20220330_13_20_47_Pro.jpg,CS1,0,341,0,0,0
WIN_20220330_13_20_58_Pro.jpg,CS1,0,335,0,0,0
WIN_20220330_13_21_12_Pro.jpg,CS1,1,388,0,0,0
WIN_20220330_13_21_32_Pro.jpg,CS1,0,354,0,0,0
WIN_20220330_13_22_11_Pro.jpg,CS1,1,376,0,0,0
WIN_20220330_13_22_28_Pro.jpg,CS1,1,545,0,0,0
WIN_20220330_13_22_42_Pro.jpg,CS1,1,566,0,0,0
WIN_20220330_13_33_34_Pro.jpg,CS1,0,467,0,0,0
WIN_20220330_13_34_05_Pro.jpg,CS1,2,528,0,0,0
WIN_20220330_13_36_37_Pro.jpg,CS1,1,389,0,0,0
WIN_20220330_13_37_02_Pro.jpg,CS1,0,397,0,0,0
WIN_20220330_13_37_25_Pro.jpg,CS1,0,417,0,0,0
WIN_20220330_13_37_48_Pro.jpg,CS1,1,400,0,0,0
WIN_20220330_13_38_01_Pro.jpg,CS1,1,374,0,0,0
WIN_20220330_13_38_14_Pro.jpg,CS1,0,432,0,0,0
WIN_20220330_13_38_24_Pro.jpg,CS1,1,534,0,0,0
WIN_20220330_13_38_35_Pro.jpg,CS1,0,706,0,0,0
WIN_20220330_13_39_16_Pro.jpg,CS1,3,449,0,0,0
WIN_20220330_13_39_31_Pro.jpg,CS1,1,473,0,0,0
WIN_20220330_13_40_20_Pro.jpg,CS1,1,420,0,0,0
WIN_20220330_13_40_35_Pro.jpg,CS1,1,418,0,0,0
WIN_20220330_13_40_52_Pro.jpg,CS1,1,418,0,0,0
WIN_20220330_13_41_05_Pro.jpg,CS1,1,413,0,0,0
WIN_20220330_13_41_16_Pro.jpg,CS1,0,407,0,0,0
WIN_20220330_13_41_28_Pro.jpg,CS1,0,412,0,0,0
WIN_20220330_13_41_43_Pro.jpg,CS1,0,374,0,0,0
WIN_20220330_13_42_25_Pro.jpg,CS1,1,605,0,0,0
WIN_20220411_17_02_07_Pro.jpg,CS1,0,1061,0,0,0
WIN_20220411_17_02_27_Pro.jpg,CS1,1,1120,0,0,0
WIN_20220411_17_03_02_Pro.jpg,CS1,1,1139,0,0,0
WIN_20220411_17_03_20_Pro.jpg,CS1,0,1050,0,0,0
WIN_20220411_17_03_38_Pro.jpg,CS1,0,1149,0,0,0
WIN_20220411_17_03_55_Pro.jpg,CS1,0,1044,0,0,0
WIN_20220411_17_04_08_Pro.jpg,CS1,1,1001,0,0,0
WIN_20220411_17_04_39_Pro.jpg,CS1,0,1079,0,0,0
WIN_20220411_17_05_14_Pro.jpg,CS1,0,1128,0,0,0
WIN_20220411_17_05_31_Pro.jpg,CS1,0,743,0,0,0
WIN_20220411_17_06_40_Pro.jpg,CS1,0,683,0,0,0
WIN_20220411_17_06_51_Pro.jpg,CS1,1,792,0,0,0
WIN_20220411_17_07_02_Pro.jpg,CS1,0,797,0,0,0
WIN_20220411_17_07_15_Pro.jpg,CS1,0,782,0,0,0
WIN_20220411_17_07_43_Pro.jpg,CS1,0,748,0,0,0
WIN_20220411_17_07_57_Pro.jpg,CS1,1,715,0,0,0
WIN_20220411_17_08_17_Pro.jpg,CS1,3,781,0,0,0
WIN_20220411_17_08_32_Pro.jpg,CS1,0,711,0,0,0
WIN_20220411_17_08_47_Pro.jpg,CS1,0,819,0,0,0
WIN_20220411_17_09_35_Pro.jpg,CS1,1,736,0,0,0
WIN_20220329_14_58_23_Pro.jpg,CS1,0,455,0,0,0
WIN_20220329_14_58_30_Pro.jpg,CS1,0,386,0,0,0
WIN_20220329_14_58_34_Pro.jpg,CS1,1,443,0,0,0
WIN_20220329_14_58_36_Pro.jpg,CS1,1,365,0,0,0
WIN_20220329_14_58_39_Pro.jpg,CS1,1,445,0,0,0
WIN_20220329_14_58_43_Pro.jpg,CS1,0,403,0,0,0
WIN_20220329_14_58_50_Pro.jpg,CS1,0,461,0,0,0
WIN_20220329_14_59_17_Pro.jpg,CS1,0,341,0,0,0
WIN_20220329_14_59_26_Pro.jpg,CS1,0,314,0,0,0
WIN_20220329_14_59_42_Pro.jpg,CS1,0,405,0,0,0
WIN_20220329_14_50_36_Pro.jpg,CS1,1,929,0,0,0
WIN_20220329_14_50_40_Pro.jpg,CS1,0,814,0,0,0
WIN_20220329_14_50_43_Pro.jpg,CS1,3,767,0,0,0
WIN_20220329_14_50_45_Pro.jpg,CS1,1,836,0,0,0
WIN_20220329_14_50_48_Pro.jpg,CS1,3,795,0,0,0
WIN_20220329_14_50_50_Pro.jpg,CS1,1,692,0,0,0
WIN_20220329_14_51_32_Pro.jpg,CS1,3,951,0,0,0
WIN_20220329_14_51_39_Pro.jpg,CS1,2,830,0,0,0
WIN_20220329_14_51_43_Pro.jpg,CS1,4,928,0,0,0
WIN_20220329_14_51_51_Pro.jpg,CS1,2,780,0,0,0
WIN_20220330_13_28_00_Pro.jpg,CS1,0,420,0,0,0
WIN_20220330_13_28_10_Pro.jpg,CS1,0,302,0,0,0
WIN_20220330_13_28_20_Pro.jpg,CS1,0,382,0,0,0
WIN_20220330_13_28_34_Pro.jpg,CS1,0,465,0,0,0
WIN_20220330_13_28_47_Pro.jpg,CS1,1,430,0,0,0
WIN_20220330_13_29_03_Pro.jpg,CS1,1,332,0,0,0
WIN_20220330_13_29_21_Pro.jpg,CS1,0,413,0,0,0
WIN_20220330_13_29_35_Pro.jpg,CS1,1,442,0,0,0
WIN_20220330_13_29_53_Pro.jpg,CS1,1,404,0,0,0
WIN_20220330_13_30_21_Pro.jpg,CS1,0,458,0,0,0
WIN_20220330_13_48_20_Pro.jpg,CS1,1,444,0,0,0
WIN_20220330_13_48_31_Pro.jpg,CS1,0,391,0,0,0
WIN_20220330_13_48_56_Pro.jpg,CS1,1,337,0,0,0
WIN_20220330_13_49_05_Pro.jpg,CS1,0,345,0,0,0
WIN_20220330_13_49_24_Pro.jpg,CS1,0,395,0,0,0
WIN_20220330_13_49_35_Pro.jpg,CS1,1,402,0,0,0
WIN_20220330_13_49_50_Pro.jpg,CS1,0,461,0,0,0
WIN_20220330_13_50_04_Pro.jpg,CS1,2,411,0,0,0
WIN_20220330_13_50_17_Pro.jpg,CS1,1,466,0,0,0
WIN_20220330_13_50_38_Pro.jpg,CS1,1,343,0,0,0
WIN_20220411_17_17_38_Pro.jpg,CS1,2,883,0,0,0
WIN_20220411_17_21_36_Pro.jpg,CS1,1,920,0,0,0
WIN_20220411_17_21_55_Pro.jpg,CS1,1,909,0,0,0
WIN_20220411_17_22_17_Pro.jpg,CS1,0,832,0,0,0
WIN_20220411_17_22_30_Pro.jpg,CS1,1,833,0,0,0
WIN_20220411_17_24_39_Pro.jpg,CS1,1,891,0,0,0
WIN_20220411_17_24_57_Pro.jpg,CS1,2,909,0,0,0
WIN_20220411_17_25_11_Pro.jpg,CS1,1,918,0,0,0
WIN_20220411_17_25_26_Pro.jpg,CS1,0,636,0,0,0
WIN_20220411_17_25_51_Pro.jpg,CS1,1,514,0,0,0
WIN_20220329_15_22_48_Pro.jpg,CS2,1,611,0,0,0
WIN_20220329_15_22_53_Pro.jpg,CS2,0,511,0,0,0
WIN_20220329_15_22_57_Pro.jpg,CS2,3,576,0,0,0
WIN_20220329_15_23_01_Pro.jpg,CS2,3,630,0,0,0
WIN_20220329_15_23_05_Pro.jpg,CS2,1,524,0,0,0
WIN_20220329_15_23_09_Pro.jpg,CS2,0,583,0,0,0
WIN_20220329_15_23_13_Pro.jpg,CS2,1,596,0,0,0
WIN_20220329_15_23_17_Pro.jpg,CS2,1,448,0,0,0
WIN_20220329_15_23_22_Pro.jpg,CS2,0,538,0,0,0
WIN_20220329_15_23_29_Pro.jpg,CS2,1,336,0,0,0
WIN_20220329_15_12_19_Pro.jpg,CS2,1,740,0,0,0
WIN_20220329_15_12_24_Pro.jpg,CS2,1,658,0,0,0
WIN_20220329_15_12_28_Pro.jpg,CS2,2,690,0,0,0
WIN_20220329_15_12_34_Pro.jpg,CS2,2,884,0,0,0
WIN_20220329_15_12_39_Pro.jpg,CS2,2,829,0,0,0
WIN_20220329_15_12_43_Pro.jpg,CS2,1,814,0,0,0
WIN_20220329_15_12_46_Pro.jpg,CS2,2,999,0,0,0
WIN_20220329_15_13_00_Pro.jpg,CS2,2,958,0,0,0
WIN_20220329_15_13_06_Pro.jpg,CS2,6,1107,0,0,0
WIN_20220329_15_13_11_Pro.jpg,CS2,8,1360,0,0,0
WIN_20220330_16_07_04_Pro.jpg,CS2,0,446,0,0,0
WIN_20220330_16_07_17_Pro.jpg,CS2,0,464,0,0,0
WIN_20220330_16_07_29_Pro.jpg,CS2,2,404,0,0,0
WIN_20220330_16_07_40_Pro.jpg,CS2,0,397,0,0,0
WIN_20220330_16_07_49_Pro.jpg,CS2,0,418,0,0,0
WIN_20220330_16_07_58_Pro.jpg,CS2,1,417,0,0,0
WIN_20220330_16_08_11_Pro.jpg,CS2,1,510,0,0,0
WIN_20220330_16_08_43_Pro.jpg,CS2,1,500,0,0,0
WIN_20220330_16_09_05_Pro.jpg,CS2,2,496,0,0,0
WIN_20220330_16_09_40_Pro.jpg,CS2,1,490,0,0,0
WIN_20220330_16_20_33_Pro.jpg,CS2,1,553,0,0,0
WIN_20220330_16_20_49_Pro.jpg,CS2,1,454,0,0,0
WIN_20220330_16_21_00_Pro.jpg,CS2,1,451,0,0,0
WIN_20220330_16_21_15_Pro.jpg,CS2,1,460,0,0,0
WIN_20220330_16_21_29_Pro.jpg,CS2,3,474,0,0,0
WIN_20220330_16_21_45_Pro.jpg,CS2,0,436,0,0,0
WIN_20220330_16_21_57_Pro.jpg,CS2,1,542,0,0,0
WIN_20220330_16_22_16_Pro.jpg,CS2,1,467,0,0,0
WIN_20220330_16_22_40_Pro.jpg,CS2,2,575,0,0,0
WIN_20220330_16_23_08_Pro.jpg,CS2,3,603,0,0,0
WIN_20220411_17_34_45_Pro.jpg,CS2,2,1000,0,0,0
WIN_20220411_17_34_57_Pro.jpg,CS2,0,1140,0,0,0
WIN_20220411_17_35_09_Pro.jpg,CS2,0,1244,0,0,0
WIN_20220411_17_35_30_Pro.jpg,CS2,1,1158,0,0,0
WIN_20220411_17_35_43_Pro.jpg,CS2,1,1213,0,0,0
WIN_20220411_17_35_58_Pro.jpg,CS2,1,1140,0,0,0
WIN_20220411_17_36_12_Pro.jpg,CS2,1,1345,0,0,0
WIN_20220411_17_36_24_Pro.jpg,CS2,0,1157,0,0,0
WIN_20220411_17_36_37_Pro.jpg,CS2,0,1290,0,0,0
WIN_20220411_17_36_51_Pro.jpg,CS2,0,715,0,0,0
WIN_20220329_15_14_35_Pro.jpg,CS2,1,421,0,0,0
WIN_20220329_15_15_00_Pro.jpg,CS2,2,607,0,0,0
WIN_20220329_15_15_26_Pro.jpg,CS2,2,426,0,0,0
WIN_20220329_15_15_36_Pro.jpg,CS2,0,514,0,0,0
WIN_20220329_15_15_45_Pro.jpg,CS2,2,437,0,0,0
WIN_20220329_15_17_03_Pro.jpg,CS2,3,432,0,0,0
WIN_20220329_15_17_08_Pro.jpg,CS2,0,462,0,0,0
WIN_20220329_15_17_16_Pro.jpg,CS2,0,566,0,0,0
WIN_20220329_15_17_21_Pro.jpg,CS2,0,579,0,0,0
WIN_20220329_15_17_27_Pro.jpg,CS2,0,508,0,0,0
WIN_20220329_15_17_35_Pro.jpg,CS2,2,532,0,0,0
WIN_20220329_15_17_40_Pro.jpg,CS2,1,494,0,0,0
WIN_20220329_15_17_45_Pro.jpg,CS2,0,454,0,0,0
WIN_20220329_15_17_49_Pro.jpg,CS2,3,440,0,0,0
WIN_20220329_15_17_53_Pro.jpg,CS2,0,408,0,0,0
WIN_20220329_15_17_56_Pro.jpg,CS2,0,336,0,0,0
WIN_20220329_15_18_00_Pro.jpg,CS2,1,342,0,0,0
WIN_20220329_15_18_04_Pro.jpg,CS2,1,342,0,0,0
WIN_20220329_15_18_08_Pro.jpg,CS2,0,346,0,0,0
WIN_20220329_15_18_13_Pro.jpg,CS2,0,414,0,0,0
WIN_20220329_15_04_13_Pro.jpg,CS2,3,1035,0,0,0
WIN_20220329_15_04_17_Pro.jpg,CS2,5,1014,0,0,0
WIN_20220329_15_04_20_Pro.jpg,CS2,3,883,0,0,0
WIN_20220329_15_04_23_Pro.jpg,CS2,0,903,0,0,0
WIN_20220329_15_04_26_Pro.jpg,CS2,3,702,0,0,0
WIN_20220329_15_04_28_Pro.jpg,CS2,4,804,0,0,0
WIN_20220329_15_04_31_Pro.jpg,CS2,0,1038,0,0,0
WIN_20220329_15_04_34_Pro.jpg,CS2,3,1114,0,0,0
WIN_20220329_15_04_39_Pro.jpg,CS2,2,1430,0,0,0
WIN_20220329_15_04_42_Pro.jpg,CS2,5,1878,0,0,0
WIN_20220329_15_04_52_Pro.jpg,CS2,3,866,0,0,0
WIN_20220329_15_04_56_Pro.jpg,CS2,3,829,0,0,0
WIN_20220329_15_04_59_Pro.jpg,CS2,1,694,0,0,0
WIN_20220329_15_05_03_Pro.jpg,CS2,1,721,0,0,0
WIN_20220329_15_05_09_Pro.jpg,CS2,3,690,0,0,0
WIN_20220329_15_05_13_Pro.jpg,CS2,3,673,0,0,0
WIN_20220329_15_05_20_Pro.jpg,CS2,4,930,0,0,0
WIN_20220329_15_05_24_Pro.jpg,CS2,2,1158,0,0,0
WIN_20220329_15_05_29_Pro.jpg,CS2,6,1984,0,0,0
WIN_20220329_15_05_36_Pro.jpg,CS2,14,2459,0,0,0
WIN_20220330_15_56_06_Pro.jpg,CS2,4,427,0,0,0
WIN_20220330_15_56_21_Pro.jpg,CS2,2,451,0,0,0
WIN_20220330_16_01_25_Pro.jpg,CS2,1,399,0,0,0
WIN_20220330_16_01_50_Pro.jpg,CS2,3,420,0,0,0
WIN_20220330_16_02_04_Pro.jpg,CS2,1,391,0,0,0
WIN_20220330_16_02_29_Pro.jpg,CS2,0,368,0,0,0
WIN_20220330_16_02_46_Pro.jpg,CS2,0,441,0,0,0
WIN_20220330_16_02_56_Pro.jpg,CS2,2,524,0,0,0
WIN_20220330_16_03_53_Pro.jpg,CS2,1,582,0,0,0
WIN_20220330_16_04_06_Pro.jpg,CS2,2,624,0,0,0
WIN_20220330_16_04_28_Pro.jpg,CS2,1,426,0,0,0
WIN_20220330_16_04_39_Pro.jpg,CS2,0,423,0,0,0
WIN_20220330_16_04_53_Pro.jpg,CS2,2,462,0,0,0
WIN_20220330_16_05_02_Pro.jpg,CS2,0,407,0,0,0
WIN_20220330_16_05_11_Pro.jpg,CS2,0,449,0,0,0
WIN_20220330_16_05_22_Pro.jpg,CS2,1,428,0,0,0
WIN_20220330_16_05_34_Pro.jpg,CS2,2,447,0,0,0
WIN_20220330_16_05_47_Pro.jpg,CS2,1,557,0,0,0
WIN_20220330_16_06_05_Pro.jpg,CS2,2,584,0,0,0
WIN_20220330_16_06_21_Pro.jpg,CS2,0,706,0,0,0
WIN_20220330_16_14_05_Pro.jpg,CS2,1,427,0,0,0
WIN_20220330_16_14_26_Pro.jpg,CS2,1,439,0,0,0
WIN_20220330_16_15_17_Pro.jpg,CS2,2,385,0,0,0
WIN_20220330_16_15_27_Pro.jpg,CS2,1,395,0,0,0
WIN_20220330_16_15_38_Pro.jpg,CS2,1,437,0,0,0
WIN_20220330_16_15_49_Pro.jpg,CS2,1,410,0,0,0
WIN_20220330_16_16_02_Pro.jpg,CS2,0,450,0,0,0
WIN_20220330_16_16_16_Pro.jpg,CS2,1,535,0,0,0
WIN_20220330_16_16_29_Pro.jpg,CS2,0,521,0,0,0
WIN_20220330_16_17_18_Pro.jpg,CS2,3,617,0,0,0
WIN_20220330_16_17_47_Pro.jpg,CS2,2,388,0,0,0
WIN_20220330_16_17_58_Pro.jpg,CS2,3,588,0,0,0
WIN_20220330_16_18_10_Pro.jpg,CS2,1,461,0,0,0
WIN_20220330_16_18_24_Pro.jpg,CS2,0,470,0,0,0
WIN_20220330_16_18_41_Pro.jpg,CS2,0,441,0,0,0
WIN_20220330_16_18_53_Pro.jpg,CS2,0,444,0,0,0
WIN_20220330_16_19_09_Pro.jpg,CS2,0,392,0,0,0
WIN_20220330_16_19_23_Pro.jpg,CS2,1,592,0,0,0
WIN_20220330_16_19_38_Pro.jpg,CS2,1,590,0,0,0
WIN_20220330_16_19_51_Pro.jpg,CS2,3,678,0,0,0
WIN_20220411_17_27_03_Pro.jpg,CS2,1,1077,0,0,0
WIN_20220411_17_27_36_Pro.jpg,CS2,2,1070,0,0,0
WIN_20220411_17_28_25_Pro.jpg,CS2,1,1179,0,0,0
WIN_20220411_17_28_44_Pro.jpg,CS2,0,1164,0,0,0
WIN_20220411_17_29_06_Pro.jpg,CS2,0,1047,0,0,0
WIN_20220411_17_29_21_Pro.jpg,CS2,1,1044,0,0,0
WIN_20220411_17_29_37_Pro.jpg,CS2,1,1179,0,0,0
WIN_20220411_17_29_47_Pro.jpg,CS2,0,1299,0,0,0
WIN_20220411_17_29_59_Pro.jpg,CS2,2,1349,0,0,0
WIN_20220411_17_30_11_Pro.jpg,CS2,0,937,0,0,0
WIN_20220411_17_30_30_Pro.jpg,CS2,0,714,0,0,0
WIN_20220411_17_30_42_Pro.jpg,CS2,0,839,0,0,0
WIN_20220411_17_30_53_Pro.jpg,CS2,0,881,0,0,0
WIN_20220411_17_31_05_Pro.jpg,CS2,0,894,0,0,0
WIN_20220411_17_31_19_Pro.jpg,CS2,1,906,0,0,0
WIN_20220411_17_31_32_Pro.jpg,CS2,0,755,0,0,0
WIN_20220411_17_31_50_Pro.jpg,CS2,1,892,0,0,0
WIN_20220411_17_32_12_Pro.jpg,CS2,1,896,0,0,0
WIN_20220411_17_32_26_Pro.jpg,CS2,0,919,0,0,0
WIN_20220411_17_32_44_Pro.jpg,CS2,0,719,0,0,0
WIN_20220329_15_23_39_Pro.jpg,CS2,1,408,0,0,0
WIN_20220329_15_24_36_Pro.jpg,CS2,0,387,0,0,0
WIN_20220329_15_24_43_Pro.jpg,CS2,3,529,0,0,0
WIN_20220329_15_25_06_Pro.jpg,CS2,1,454,0,0,0
WIN_20220329_15_25_37_Pro.jpg,CS2,2,444,0,0,0
WIN_20220329_15_25_41_Pro.jpg,CS2,0,502,0,0,0
WIN_20220329_15_26_14_Pro.jpg,CS2,0,430,0,0,0
WIN_20220329_15_26_24_Pro.jpg,CS2,0,384,0,0,0
WIN_20220329_15_27_09_Pro.jpg,CS2,1,385,0,0,0
WIN_20220329_15_27_28_Pro.jpg,CS2,0,398,0,0,0
WIN_20220329_15_07_00_Pro.jpg,CS2,0,873,0,0,0
WIN_20220329_15_07_06_Pro.jpg,CS2,2,850,0,0,0
WIN_20220329_15_07_10_Pro.jpg,CS2,4,1030,0,0,0
WIN_20220329_15_07_56_Pro.jpg,CS2,2,850,0,0,0
WIN_20220329_15_08_01_Pro.jpg,CS2,4,731,0,0,0
WIN_20220329_15_08_06_Pro.jpg,CS2,1,836,0,0,0
WIN_20220329_15_08_11_Pro.jpg,CS2,0,1027,0,0,0
WIN_20220329_15_08_25_Pro.jpg,CS2,2,1249,0,0,0
WIN_20220329_15_08_32_Pro.jpg,CS2,6,1545,0,0,0
WIN_20220329_15_08_49_Pro.jpg,CS2,0,621,0,0,0
WIN_20220330_16_10_14_Pro.jpg,CS2,0,334,0,0,0
WIN_20220330_16_10_23_Pro.jpg,CS2,0,415,0,0,0
WIN_20220330_16_10_38_Pro.jpg,CS2,0,420,0,0,0
WIN_20220330_16_10_53_Pro.jpg,CS2,1,390,0,0,0
WIN_20220330_16_11_07_Pro.jpg,CS2,2,479,0,0,0
WIN_20220330_16_11_37_Pro.jpg,CS2,0,485,0,0,0
WIN_20220330_16_11_49_Pro.jpg,CS2,0,381,0,0,0
WIN_20220330_16_12_00_Pro.jpg,CS2,0,509,0,0,0
WIN_20220330_16_12_11_Pro.jpg,CS2,1,643,0,0,0
WIN_20220330_16_12_31_Pro.jpg,CS2,0,395,0,0,0
WIN_20220330_16_24_06_Pro.jpg,CS2,1,419,0,0,0
WIN_20220330_16_24_50_Pro.jpg,CS2,0,357,0,0,0
WIN_20220330_16_25_05_Pro.jpg,CS2,1,378,0,0,0
WIN_20220330_16_25_22_Pro.jpg,CS2,2,465,0,0,0
WIN_20220330_16_25_36_Pro.jpg,CS2,3,469,0,0,0
WIN_20220330_16_25_49_Pro.jpg,CS2,0,479,0,0,0
WIN_20220330_16_26_00_Pro.jpg,CS2,0,439,0,0,0
WIN_20220330_16_26_17_Pro.jpg,CS2,0,473,0,0,0
WIN_20220330_16_26_31_Pro.jpg,CS2,0,602,0,0,0
WIN_20220330_16_27_49_Pro.jpg,CS2,1,436,0,0,0
WIN_20220411_17_37_50_Pro.jpg,CS2,0,816,0,0,0
WIN_20220411_17_38_06_Pro.jpg,CS2,0,1049,0,0,0
WIN_20220411_17_38_19_Pro.jpg,CS2,2,1035,0,0,0
WIN_20220411_17_38_33_Pro.jpg,CS2,0,1042,0,0,0
WIN_20220411_17_38_46_Pro.jpg,CS2,1,1105,0,0,0
WIN_20220411_17_38_58_Pro.jpg,CS2,0,1068,0,0,0
WIN_20220411_17_39_16_Pro.jpg,CS2,1,1102,0,0,0
WIN_20220411_17_39_32_Pro.jpg,CS2,1,1114,0,0,0
WIN_20220411_17_39_45_Pro.jpg,CS2,0,782,0,0,0
WIN_20220411_17_40_12_Pro.jpg,CS2,0,595,0,0,0
WIN_20220329_15_34_58_Pro.jpg,CS3,1,372,0,0,0
WIN_20220329_15_35_13_Pro.jpg,CS3,0,490,0,0,0
WIN_20220329_15_35_20_Pro.jpg,CS3,1,403,0,0,0
WIN_20220329_15_35_26_Pro.jpg,CS3,2,463,0,0,0
WIN_20220329_15_35_32_Pro.jpg,CS3,0,353,0,0,0
WIN_20220329_15_35_36_Pro.jpg,CS3,3,372,0,0,0
WIN_20220329_15_35_40_Pro.jpg,CS3,0,434,0,0,0
WIN_20220329_15_36_02_Pro.jpg,CS3,0,413,0,0,0
WIN_20220329_15_36_15_Pro.jpg,CS3,0,354,0,0,0
WIN_20220329_15_36_34_Pro.jpg,CS3,1,464,0,0,0
WIN_20220329_15_36_51_Pro.jpg,CS3,0,422,0,0,0
WIN_20220329_15_36_56_Pro.jpg,CS3,4,460,0,0,0
WIN_20220329_15_37_02_Pro.jpg,CS3,0,435,0,0,0
WIN_20220329_15_37_07_Pro.jpg,CS3,1,429,0,0,0
WIN_20220329_15_37_12_Pro.jpg,CS3,0,450,0,0,0
WIN_20220329_15_37_17_Pro.jpg,CS3,1,327,0,0,0
WIN_20220329_15_37_25_Pro.jpg,CS3,0,394,0,0,0
WIN_20220329_15_37_30_Pro.jpg,CS3,2,379,0,0,0
WIN_20220329_15_37_39_Pro.jpg,CS3,0,323,0,0,0
WIN_20220329_15_38_01_Pro.jpg,CS3,1,447,0,0,0
WIN_20220329_15_31_03_Pro.jpg,CS3,0,827,0,0,0
WIN_20220329_15_31_08_Pro.jpg,CS3,1,939,0,0,0
WIN_20220329_15_31_12_Pro.jpg,CS3,1,776,0,0,0
WIN_20220329_15_31_15_Pro.jpg,CS3,2,977,0,0,0
WIN_20220329_15_31_18_Pro.jpg,CS3,1,818,0,0,0
WIN_20220329_15_31_21_Pro.jpg,CS3,3,735,0,0,0
WIN_20220329_15_31_24_Pro.jpg,CS3,2,810,0,0,0
WIN_20220329_15_31_30_Pro.jpg,CS3,3,764,0,0,0
WIN_20220329_15_31_34_Pro.jpg,CS3,21,1497,0,0,0
WIN_20220329_15_31_37_Pro.jpg,CS3,11,2331,0,0,0
WIN_20220329_15_31_44_Pro.jpg,CS3,2,631,0,0,0
WIN_20220329_15_31_47_Pro.jpg,CS3,1,682,0,0,0
WIN_20220329_15_31_50_Pro.jpg,CS3,3,461,0,0,0
WIN_20220329_15_31_53_Pro.jpg,CS3,1,660,0,0,0
WIN_20220329_15_31_56_Pro.jpg,CS3,1,622,0,0,0
WIN_20220329_15_32_04_Pro.jpg,CS3,0,650,0,0,0
WIN_20220329_15_32_08_Pro.jpg,CS3,5,758,0,0,0
WIN_20220329_15_32_16_Pro.jpg,CS3,10,1639,0,0,0
WIN_20220329_15_32_27_Pro.jpg,CS3,8,2921,0,0,0
WIN_20220329_15_32_32_Pro.jpg,CS3,9,1372,0,0,0
WIN_20220330_16_35_00_Pro.jpg,CS3,1,430,0,0,0
WIN_20220330_16_35_23_Pro.jpg,CS3,0,425,0,0,0
WIN_20220330_16_35_44_Pro.jpg,CS3,2,444,0,0,0
WIN_20220330_16_35_57_Pro.jpg,CS3,1,523,0,0,0
WIN_20220330_16_36_15_Pro.jpg,CS3,0,438,0,0,0
WIN_20220330_16_36_26_Pro.jpg,CS3,2,499,0,0,0
WIN_20220330_16_36_39_Pro.jpg,CS3,0,450,0,0,0
WIN_20220330_16_36_52_Pro.jpg,CS3,1,518,0,0,0
WIN_20220330_16_37_06_Pro.jpg,CS3,0,694,0,0,0
WIN_20220330_16_37_30_Pro.jpg,CS3,1,727,0,0,0
WIN_20220330_16_39_08_Pro.jpg,CS3,1,411,0,0,0
WIN_20220330_16_39_27_Pro.jpg,CS3,0,399,0,0,0
WIN_20220330_16_40_04_Pro.jpg,CS3,1,457,0,0,0
WIN_20220330_16_40_16_Pro.jpg,CS3,2,443,0,0,0
WIN_20220330_16_40_35_Pro.jpg,CS3,1,382,0,0,0
WIN_20220330_16_41_33_Pro.jpg,CS3,2,518,0,0,0
WIN_20220330_16_42_03_Pro.jpg,CS3,1,626,0,0,0
WIN_20220330_16_42_18_Pro.jpg,CS3,0,687,0,0,0
WIN_20220330_16_42_47_Pro.jpg,CS3,3,635,0,0,0
WIN_20220330_16_47_03_Pro.jpg,CS3,1,469,0,0,0
WIN_20220330_16_47_33_Pro.jpg,CS3,0,406,0,0,0
WIN_20220330_16_47_49_Pro.jpg,CS3,2,426,0,0,0
WIN_20220330_16_48_03_Pro.jpg,CS3,2,506,0,0,0
WIN_20220330_16_48_21_Pro.jpg,CS3,0,501,0,0,0
WIN_20220330_16_48_32_Pro.jpg,CS3,0,474,0,0,0
WIN_20220330_16_48_43_Pro.jpg,CS3,0,579,0,0,0
WIN_20220330_16_48_55_Pro.jpg,CS3,0,542,0,0,0
WIN_20220330_16_49_08_Pro.jpg,CS3,0,631,0,0,0
WIN_20220330_16_49_30_Pro.jpg,CS3,0,753,0,0,0
WIN_20220330_16_49_52_Pro.jpg,CS3,1,562,0,0,0
WIN_20220330_16_50_08_Pro.jpg,CS3,2,450,0,0,0
WIN_20220330_16_50_28_Pro.jpg,CS3,2,429,0,0,0
WIN_20220330_16_50_47_Pro.jpg,CS3,1,463,0,0,0
WIN_20220330_16_51_00_Pro.jpg,CS3,0,447,0,0,0
WIN_20220330_16_51_18_Pro.jpg,CS3,1,499,0,0,0
WIN_20220330_16_51_37_Pro.jpg,CS3,3,573,0,0,0
WIN_20220330_16_52_01_Pro.jpg,CS3,0,548,0,0,0
WIN_20220330_16_52_16_Pro.jpg,CS3,0,666,0,0,0
WIN_20220330_16_53_08_Pro.jpg,CS3,0,564,0,0,0
WIN_20220411_17_42_10_Pro.jpg,CS3,0,882,0,0,0
WIN_20220411_17_42_23_Pro.jpg,CS3,1,1120,0,0,0
WIN_20220411_17_42_37_Pro.jpg,CS3,1,1111,0,0,0
WIN_20220411_17_42_53_Pro.jpg,CS3,1,1182,0,0,0
WIN_20220411_17_43_10_Pro.jpg,CS3,0,1129,0,0,0
WIN_20220411_17_43_27_Pro.jpg,CS3,1,1054,0,0,0
WIN_20220411_17_43_41_Pro.jpg,CS3,0,1096,0,0,0
WIN_20220411_17_44_08_Pro.jpg,CS3,0,1084,0,0,0
WIN_20220411_17_44_53_Pro.jpg,CS3,3,1101,0,0,0
WIN_20220411_17_45_08_Pro.jpg,CS3,0,1180,0,0,0
WIN_20220411_17_45_56_Pro.jpg,CS3,1,729,0,0,0
WIN_20220411_17_46_28_Pro.jpg,CS3,1,978,0,0,0
WIN_20220411_17_46_44_Pro.jpg,CS3,0,878,0,0,0
WIN_20220411_17_46_56_Pro.jpg,CS3,2,956,0,0,0
WIN_20220411_17_47_08_Pro.jpg,CS3,0,957,0,0,0
WIN_20220411_17_47_20_Pro.jpg,CS3,2,842,0,0,0
WIN_20220411_17_47_32_Pro.jpg,CS3,0,982,0,0,0
WIN_20220411_17_47_45_Pro.jpg,CS3,0,1012,0,0,0
WIN_20220411_17_47_59_Pro.jpg,CS3,0,1096,0,0,0
WIN_20220411_17_48_14_Pro.jpg,CS3,1,1006,0,0,0
WIN_20220329_15_39_03_Pro.jpg,CS3,0,373,0,0,0
WIN_20220329_15_39_08_Pro.jpg,CS3,0,382,0,0,0
WIN_20220329_15_39_10_Pro.jpg,CS3,1,464,0,0,0
WIN_20220329_15_39_14_Pro.jpg,CS3,0,423,0,0,0
WIN_20220329_15_39_18_Pro.jpg,CS3,1,346,0,0,0
WIN_20220329_15_39_26_Pro.jpg,CS3,0,451,0,0,0
WIN_20220329_15_39_30_Pro.jpg,CS3,1,440,0,0,0
WIN_20220329_15_39_34_Pro.jpg,CS3,2,396,0,0,0
WIN_20220329_15_39_38_Pro.jpg,CS3,1,403,0,0,0
WIN_20220329_15_39_47_Pro.jpg,CS3,1,345,0,0,0
WIN_20220329_15_33_06_Pro.jpg,CS3,0,743,0,0,0
WIN_20220329_15_33_11_Pro.jpg,CS3,0,585,0,0,0
WIN_20220329_15_33_15_Pro.jpg,CS3,0,832,0,0,0
WIN_20220329_15_33_20_Pro.jpg,CS3,3,684,0,0,0
WIN_20220329_15_33_25_Pro.jpg,CS3,1,695,0,0,0
WIN_20220329_15_33_30_Pro.jpg,CS3,1,842,0,0,0
WIN_20220329_15_33_46_Pro.jpg,CS3,4,892,0,0,0
WIN_20220329_15_33_51_Pro.jpg,CS3,2,866,0,0,0
WIN_20220329_15_33_55_Pro.jpg,CS3,0,1223,0,0,0
WIN_20220329_15_34_03_Pro.jpg,CS3,0,675,0,0,0
WIN_20220330_16_40_55_Pro.jpg,CS3,0,491,0,0,0
WIN_20220330_16_43_27_Pro.jpg,CS3,2,353,0,0,0
WIN_20220330_16_43_43_Pro.jpg,CS3,1,325,0,0,0
WIN_20220330_16_44_04_Pro.jpg,CS3,2,353,0,0,0
WIN_20220330_16_44_23_Pro.jpg,CS3,0,347,0,0,0
WIN_20220330_16_44_40_Pro.jpg,CS3,1,383,0,0,0
WIN_20220330_16_44_52_Pro.jpg,CS3,1,422,0,0,0
WIN_20220330_16_45_05_Pro.jpg,CS3,1,424,0,0,0
WIN_20220330_16_45_25_Pro.jpg,CS3,1,438,0,0,0
WIN_20220330_16_45_46_Pro.jpg,CS3,0,395,0,0,0
WIN_20220330_16_54_32_Pro.jpg,CS3,0,389,0,0,0
WIN_20220330_16_54_47_Pro.jpg,CS3,0,358,0,0,0
WIN_20220330_16_55_09_Pro.jpg,CS3,1,398,0,0,0
WIN_20220330_16_55_25_Pro.jpg,CS3,3,427,0,0,0
WIN_20220330_16_55_39_Pro.jpg,CS3,4,402,0,0,0
WIN_20220330_16_55_53_Pro.jpg,CS3,1,441,0,0,0
WIN_20220330_16_56_08_Pro.jpg,CS3,1,427,0,0,0
WIN_20220330_16_56_24_Pro.jpg,CS3,1,407,0,0,0
WIN_20220330_16_56_49_Pro.jpg,CS3,0,424,0,0,0
WIN_20220330_16_57_23_Pro.jpg,CS3,1,392,0,0,0
WIN_20220411_17_49_04_Pro.jpg,CS3,0,724,0,0,0
WIN_20220411_17_49_16_Pro.jpg,CS3,2,934,0,0,0
WIN_20220411_17_49_32_Pro.jpg,CS3,1,980,0,0,0
WIN_20220411_17_49_52_Pro.jpg,CS3,2,953,0,0,0
WIN_20220411_17_50_08_Pro.jpg,CS3,1,1090,0,0,0
WIN_20220411_17_50_19_Pro.jpg,CS3,0,983,0,0,0
WIN_20220411_17_50_36_Pro.jpg,CS3,1,1054,0,0,0
WIN_20220411_17_50_47_Pro.jpg,CS3,1,1014,0,0,0
WIN_20220411_17_51_10_Pro.jpg,CS3,0,928,0,0,0
WIN_20220411_17_51_35_Pro.jpg,CS3,2,494,0,0,0
WIN_20220329_16_16_41_Pro.jpg,CS4,1,511,0,0,0
WIN_20220329_16_16_43_Pro.jpg,CS4,1,538,0,0,0
WIN_20220329_16_16_46_Pro.jpg,CS4,0,544,0,0,0
WIN_20220329_16_16_48_Pro.jpg,CS4,1,561,0,0,0
WIN_20220329_16_16_51_Pro.jpg,CS4,0,553,0,0,0
WIN_20220329_16_16_56_Pro.jpg,CS4,0,449,0,0,0
WIN_20220329_16_16_59_Pro.jpg,CS4,0,494,0,0,0
WIN_20220329_16_17_01_Pro.jpg,CS4,1,523,0,0,0
WIN_20220329_16_17_09_Pro.jpg,CS4,0,468,0,0,0
WIN_20220329_16_17_14_Pro.jpg,CS4,0,468,0,0,0
WIN_20220329_15_45_08_Pro.jpg,CS4,3,677,0,0,0
WIN_20220329_15_45_11_Pro.jpg,CS4,3,825,0,0,0
WIN_20220329_15_45_15_Pro.jpg,CS4,3,790,0,0,0
WIN_20220329_15_45_18_Pro.jpg,CS4,4,875,0,0,0
WIN_20220329_15_45_21_Pro.jpg,CS4,3,827,0,0,0
WIN_20220329_15_45_25_Pro.jpg,CS4,3,843,0,0,0
WIN_20220329_15_45_30_Pro.jpg,CS4,1,792,0,0,0
WIN_20220329_15_45_39_Pro.jpg,CS4,1,676,0,0,0
WIN_20220329_15_45_46_Pro.jpg,CS4,0,800,0,0,0
WIN_20220329_15_45_53_Pro.jpg,CS4,5,1300,0,0,0
WIN_20220330_17_06_51_Pro.jpg,CS4,1,422,0,0,0
WIN_20220330_17_07_07_Pro.jpg,CS4,1,484,0,0,0
WIN_20220330_17_07_37_Pro.jpg,CS4,0,500,0,0,0
WIN_20220330_17_07_54_Pro.jpg,CS4,1,432,0,0,0
WIN_20220330_17_08_16_Pro.jpg,CS4,0,463,0,0,0
WIN_20220330_17_08_37_Pro.jpg,CS4,0,360,0,0,0
WIN_20220330_17_08_53_Pro.jpg,CS4,1,474,0,0,0
WIN_20220330_17_09_06_Pro.jpg,CS4,0,460,0,0,0
WIN_20220330_17_09_18_Pro.jpg,CS4,0,543,0,0,0
WIN_20220330_17_09_36_Pro.jpg,CS4,0,532,0,0,0
WIN_20220407_16_38_25_Pro.jpg,CS4,0,398,0,0,0
WIN_20220407_16_42_26_Pro.jpg,CS4,1,411,0,0,0
WIN_20220407_16_42_52_Pro.jpg,CS4,2,387,0,0,0
WIN_20220407_16_43_10_Pro.jpg,CS4,0,386,0,0,0
WIN_20220407_16_43_22_Pro.jpg,CS4,0,480,0,0,0
WIN_20220407_16_43_35_Pro.jpg,CS4,1,391,0,0,0
WIN_20220407_16_44_03_Pro.jpg,CS4,0,399,0,0,0
WIN_20220407_16_44_23_Pro.jpg,CS4,0,526,0,0,0
WIN_20220407_16_44_41_Pro.jpg,CS4,0,498,0,0,0
WIN_20220407_16_44_58_Pro.jpg,CS4,0,494,0,0,0
WIN_20220411_17_59_28_Pro.jpg,CS4,1,847,0,0,0
WIN_20220411_17_59_41_Pro.jpg,CS4,1,1142,0,0,0
WIN_20220411_17_59_53_Pro.jpg,CS4,0,1278,0,0,0
WIN_20220411_18_00_04_Pro.jpg,CS4,0,1232,0,0,0
WIN_20220411_18_00_14_Pro.jpg,CS4,2,1138,0,0,0
WIN_20220411_18_00_25_Pro.jpg,CS4,0,1105,0,0,0
WIN_20220411_18_00_36_Pro.jpg,CS4,2,1249,0,0,0
WIN_20220411_18_00_50_Pro.jpg,CS4,1,1116,0,0,0
WIN_20220411_18_01_01_Pro.jpg,CS4,1,1150,0,0,0
WIN_20220411_18_01_12_Pro.jpg,CS4,1,1000,0,0,0
WIN_20220329_16_14_48_Pro.jpg,CS4,1,395,0,0,0
WIN_20220329_16_14_50_Pro.jpg,CS4,1,365,0,0,0
WIN_20220329_16_14_52_Pro.jpg,CS4,0,432,0,0,0
WIN_20220329_16_14_56_Pro.jpg,CS4,0,444,0,0,0
WIN_20220329_16_14_58_Pro.jpg,CS4,1,389,0,0,0
WIN_20220329_16_15_00_Pro.jpg,CS4,0,432,0,0,0
WIN_20220329_16_15_03_Pro.jpg,CS4,1,366,0,0,0
WIN_20220329_16_15_08_Pro.jpg,CS4,0,334,0,0,0
WIN_20220329_16_15_14_Pro.jpg,CS4,1,401,0,0,0
WIN_20220329_16_15_23_Pro.jpg,CS4,0,439,0,0,0
WIN_20220329_16_15_34_Pro.jpg,CS4,1,366,0,0,0
WIN_20220329_16_15_37_Pro.jpg,CS4,0,353,0,0,0
WIN_20220329_16_15_41_Pro.jpg,CS4,0,425,0,0,0
WIN_20220329_16_15_43_Pro.jpg,CS4,2,358,0,0,0
WIN_20220329_16_15_46_Pro.jpg,CS4,0,298,0,0,0
WIN_20220329_16_15_49_Pro.jpg,CS4,1,342,0,0,0
WIN_20220329_16_15_52_Pro.jpg,CS4,1,307,0,0,0
WIN_20220329_16_15_56_Pro.jpg,CS4,1,261,0,0,0
WIN_20220329_16_15_59_Pro.jpg,CS4,2,282,0,0,0
WIN_20220329_16_16_03_Pro.jpg,CS4,0,341,0,0,0
WIN_20220329_15_42_34_Pro.jpg,CS4,0,669,0,0,0
WIN_20220329_15_42_39_Pro.jpg,CS4,4,745,0,0,0
WIN_20220329_15_42_43_Pro.jpg,CS4,1,653,0,0,0
WIN_20220329_15_42_47_Pro.jpg,CS4,0,1031,0,0,0
WIN_20220329_15_43_03_Pro.jpg,CS4,2,686,0,0,0
WIN_20220329_15_43_06_Pro.jpg,CS4,0,652,0,0,0
WIN_20220329_15_43_10_Pro.jpg,CS4,1,576,0,0,0
WIN_20220329_15_43_16_Pro.jpg,CS4,2,565,0,0,0
WIN_20220329_15_43_21_Pro.jpg,CS4,7,1519,0,0,0
WIN_20220329_15_43_26_Pro.jpg,CS4,17,1964,0,0,0
WIN_20220329_15_43_36_Pro.jpg,CS4,2,623,0,0,0
WIN_20220329_15_43_40_Pro.jpg,CS4,1,654,0,0,0
WIN_20220329_15_43_44_Pro.jpg,CS4,0,678,0,0,0
WIN_20220329_15_43_48_Pro.jpg,CS4,2,709,0,0,0
WIN_20220329_15_43_51_Pro.jpg,CS4,0,654,0,0,0
WIN_20220329_15_43_54_Pro.jpg,CS4,1,677,0,0,0
WIN_20220329_15_43_58_Pro.jpg,CS4,0,484,0,0,0
WIN_20220329_15_44_02_Pro.jpg,CS4,1,524,0,0,0
WIN_20220329_15_44_05_Pro.jpg,CS4,5,961,0,0,0
WIN_20220329_15_44_18_Pro.jpg,CS4,16,1491,0,0,0
WIN_20220330_16_58_58_Pro.jpg,CS4,0,529,0,0,0
WIN_20220330_16_59_11_Pro.jpg,CS4,0,385,0,0,0
WIN_20220330_16_59_31_Pro.jpg,CS4,3,465,0,0,0
WIN_20220330_17_00_14_Pro.jpg,CS4,0,503,0,0,0
WIN_20220330_17_00_32_Pro.jpg,CS4,1,552,0,0,0
WIN_20220330_17_00_51_Pro.jpg,CS4,0,399,0,0,0
WIN_20220330_17_01_09_Pro.jpg,CS4,1,452,0,0,0
WIN_20220330_17_01_29_Pro.jpg,CS4,0,451,0,0,0
WIN_20220330_17_02_00_Pro.jpg,CS4,0,737,0,0,0
WIN_20220330_17_02_34_Pro.jpg,CS4,1,534,0,0,0
WIN_20220330_17_03_00_Pro.jpg,CS4,0,381,0,0,0
WIN_20220330_17_03_14_Pro.jpg,CS4,1,408,0,0,0
WIN_20220330_17_03_48_Pro.jpg,CS4,1,384,0,0,0
WIN_20220330_17_04_00_Pro.jpg,CS4,2,425,0,0,0
WIN_20220330_17_04_14_Pro.jpg,CS4,1,391,0,0,0
WIN_20220330_17_04_30_Pro.jpg,CS4,1,452,0,0,0
WIN_20220330_17_04_56_Pro.jpg,CS4,1,411,0,0,0
WIN_20220330_17_05_11_Pro.jpg,CS4,0,469,0,0,0
WIN_20220330_17_05_40_Pro.jpg,CS4,0,617,0,0,0
WIN_20220330_17_06_06_Pro.jpg,CS4,0,512,0,0,0
WIN_20220330_17_15_41_Pro.jpg,CS4,0,388,0,0,0
WIN_20220330_17_15_54_Pro.jpg,CS4,3,415,0,0,0
WIN_20220330_17_16_14_Pro.jpg,CS4,1,494,0,0,0
WIN_20220330_17_16_27_Pro.jpg,CS4,1,495,0,0,0
WIN_20220330_17_16_50_Pro.jpg,CS4,0,466,0,0,0
WIN_20220330_17_17_05_Pro.jpg,CS4,0,405,0,0,0
WIN_20220330_17_17_34_Pro.jpg,CS4,1,414,0,0,0
WIN_20220330_17_17_53_Pro.jpg,CS4,0,425,0,0,0
WIN_20220330_17_18_05_Pro.jpg,CS4,1,599,0,0,0
WIN_20220330_17_18_23_Pro.jpg,CS4,0,647,0,0,0
WIN_20220330_17_18_49_Pro.jpg,CS4,0,348,0,0,0
WIN_20220330_17_19_05_Pro.jpg,CS4,1,365,0,0,0
WIN_20220330_17_19_27_Pro.jpg,CS4,1,441,0,0,0
WIN_20220330_17_19_39_Pro.jpg,CS4,2,472,0,0,0
WIN_20220407_16_24_12_Pro.jpg,CS4,2,375,0,0,0
WIN_20220407_16_26_10_Pro.jpg,CS4,0,318,0,0,0
WIN_20220407_16_27_09_Pro.jpg,CS4,1,334,0,0,0
WIN_20220407_16_27_44_Pro.jpg,CS4,0,328,0,0,0
WIN_20220407_16_28_20_Pro.jpg,CS4,1,297,0,0,0
WIN_20220407_16_31_59_Pro.jpg,CS4,1,301,0,0,0
WIN_20220407_16_32_13_Pro.jpg,CS4,2,387,0,0,0
WIN_20220411_17_52_51_Pro.jpg,CS4,0,729,0,0,0
WIN_20220411_17_53_06_Pro.jpg,CS4,0,956,0,0,0
WIN_20220411_17_53_19_Pro.jpg,CS4,0,953,0,0,0
WIN_20220411_17_53_38_Pro.jpg,CS4,0,1019,0,0,0
WIN_20220411_17_53_50_Pro.jpg,CS4,0,1012,0,0,0
WIN_20220411_17_54_01_Pro.jpg,CS4,1,870,0,0,0
WIN_20220411_17_54_13_Pro.jpg,CS4,0,814,0,0,0
WIN_20220411_17_54_29_Pro.jpg,CS4,1,910,0,0,0
WIN_20220411_17_54_42_Pro.jpg,CS4,0,866,0,0,0
WIN_20220411_17_54_54_Pro.jpg,CS4,0,875,0,0,0
WIN_20220411_17_55_18_Pro.jpg,CS4,2,1037,0,0,0
WIN_20220411_17_55_32_Pro.jpg,CS4,0,1197,0,0,0
WIN_20220411_17_55_47_Pro.jpg,CS4,1,1234,0,0,0
WIN_20220411_17_56_02_Pro.jpg,CS4,0,1231,0,0,0
WIN_20220411_17_56_15_Pro.jpg,CS4,0,1178,0,0,0
WIN_20220411_17_56_29_Pro.jpg,CS4,0,1152,0,0,0
WIN_20220411_17_56_43_Pro.jpg,CS4,1,1153,0,0,0
WIN_20220411_17_56_57_Pro.jpg,CS4,0,1156,0,0,0
WIN_20220411_17_57_13_Pro.jpg,CS4,0,1297,0,0,0
WIN_20220411_17_57_29_Pro.jpg,CS4,0,971,0,0,0
WIN_20220329_16_18_20_Pro.jpg,CS4,0,368,0,0,0
WIN_20220329_16_18_22_Pro.jpg,CS4,0,509,0,0,0
WIN_20220329_16_18_24_Pro.jpg,CS4,2,494,0,0,0
WIN_20220329_16_18_27_Pro.jpg,CS4,1,431,0,0,0
WIN_20220329_16_18_30_Pro.jpg,CS4,1,406,0,0,0
WIN_20220329_16_18_32_Pro.jpg,CS4,0,475,0,0,0
WIN_20220329_16_18_34_Pro.jpg,CS4,0,484,0,0,0
WIN_20220329_16_18_37_Pro.jpg,CS4,0,480,0,0,0
WIN_20220329_16_18_41_Pro.jpg,CS4,0,571,0,0,0
WIN_20220329_16_19_22_Pro.jpg,CS4,0,417,0,0,0
WIN_20220329_15_46_20_Pro.jpg,CS4,0,712,0,0,0
WIN_20220329_15_46_23_Pro.jpg,CS4,2,781,0,0,0
WIN_20220329_15_46_40_Pro.jpg,CS4,1,741,0,0,0
WIN_20220329_15_46_45_Pro.jpg,CS4,0,666,0,0,0
WIN_20220329_15_46_53_Pro.jpg,CS4,0,686,0,0,0
WIN_20220329_15_46_58_Pro.jpg,CS4,3,733,0,0,0
WIN_20220329_15_47_01_Pro.jpg,CS4,4,696,0,0,0
WIN_20220329_15_47_04_Pro.jpg,CS4,2,972,0,0,0
WIN_20220329_15_47_07_Pro.jpg,CS4,1,1699,0,0,0
WIN_20220329_15_47_18_Pro.jpg,CS4,3,709,0,0,0
WIN_20220330_17_10_35_Pro.jpg,CS4,0,384,0,0,0
WIN_20220330_17_11_04_Pro.jpg,CS4,0,392,0,0,0
WIN_20220330_17_11_19_Pro.jpg,CS4,0,457,0,0,0
WIN_20220330_17_11_36_Pro.jpg,CS4,1,445,0,0,0
WIN_20220330_17_12_23_Pro.jpg,CS4,0,448,0,0,0
WIN_20220330_17_12_57_Pro.jpg,CS4,2,538,0,0,0
WIN_20220330_17_13_15_Pro.jpg,CS4,0,427,0,0,0
WIN_20220330_17_13_30_Pro.jpg,CS4,1,391,0,0,0
WIN_20220330_17_13_45_Pro.jpg,CS4,0,523,0,0,0
WIN_20220330_17_14_38_Pro.jpg,CS4,0,347,0,0,0
WIN_20220407_16_53_23_Pro.jpg,CS4,0,338,0,0,0
WIN_20220407_16_53_58_Pro.jpg,CS4,1,273,0,0,0
WIN_20220407_16_54_13_Pro.jpg,CS4,0,266,0,0,0
WIN_20220407_16_54_29_Pro.jpg,CS4,1,357,0,0,0
WIN_20220407_16_54_47_Pro.jpg,CS4,0,325,0,0,0
WIN_20220407_16_55_00_Pro.jpg,CS4,0,395,0,0,0
WIN_20220407_16_55_21_Pro.jpg,CS4,1,381,0,0,0
WIN_20220407_16_55_43_Pro.jpg,CS4,1,406,0,0,0
WIN_20220407_16_56_03_Pro.jpg,CS4,3,420,0,0,0
WIN_20220407_17_07_51_Pro.jpg,CS4,1,380,0,0,0
WIN_20220411_18_02_01_Pro.jpg,CS4,0,832,0,0,0
WIN_20220411_18_03_19_Pro.jpg,CS4,0,977,0,0,0
WIN_20220411_18_04_51_Pro.jpg,CS4,1,1058,0,0,0
WIN_20220411_18_05_05_Pro.jpg,CS4,2,948,0,0,0
WIN_20220411_18_05_19_Pro.jpg,CS4,1,997,0,0,0
WIN_20220411_18_05_30_Pro.jpg,CS4,1,945,0,0,0
WIN_20220411_18_05_44_Pro.jpg,CS4,0,924,0,0,0
WIN_20220411_18_05_58_Pro.jpg,CS4,2,1002,0,0,0
WIN_20220411_18_06_10_Pro.jpg,CS4,0,994,0,0,0
WIN_20220411_18_06_32_Pro.jpg,CS4,0,596,0,0,0
WIN_20220329_16_28_58_Pro.jpg,CS5,1,535,0,0,0
WIN_20220329_16_29_01_Pro.jpg,CS5,2,677,0,0,0
WIN_20220329_16_29_04_Pro.jpg,CS5,1,595,0,0,0
WIN_20220329_16_29_06_Pro.jpg,CS5,0,695,0,0,0
WIN_20220329_16_29_09_Pro.jpg,CS5,2,564,0,0,0
WIN_20220329_16_29_11_Pro.jpg,CS5,0,544,0,0,0
WIN_20220329_16_29_14_Pro.jpg,CS5,3,754,0,0,0
WIN_20220329_16_29_18_Pro.jpg,CS5,0,680,0,0,0
WIN_20220329_16_29_23_Pro.jpg,CS5,0,509,0,0,0
WIN_20220329_16_29_27_Pro.jpg,CS5,0,426,0,0,0
WIN_20220329_16_41_26_Pro.jpg,CS5,1,938,0,0,0
WIN_20220329_16_41_29_Pro.jpg,CS5,4,906,0,0,0
WIN_20220329_16_41_32_Pro.jpg,CS5,1,926,0,0,0
WIN_20220329_16_41_35_Pro.jpg,CS5,2,1106,0,0,0
WIN_20220329_16_41_37_Pro.jpg,CS5,5,973,0,0,0
WIN_20220329_16_41_41_Pro.jpg,CS5,2,877,0,0,0
WIN_20220329_16_41_46_Pro.jpg,CS5,2,1027,0,0,0
WIN_20220329_16_41_49_Pro.jpg,CS5,3,1047,0,0,0
WIN_20220329_16_41_52_Pro.jpg,CS5,3,1027,0,0,0
WIN_20220329_16_41_56_Pro.jpg,CS5,0,995,0,0,0
WIN_20220408_13_16_32_Pro.jpg,CS5,0,405,0,0,0
WIN_20220408_13_16_46_Pro.jpg,CS5,2,333,0,0,0
WIN_20220408_13_17_01_Pro.jpg,CS5,0,439,0,0,0
WIN_20220408_13_17_16_Pro.jpg,CS5,2,305,0,0,0
WIN_20220408_13_17_27_Pro.jpg,CS5,0,351,0,0,0
WIN_20220408_13_17_40_Pro.jpg,CS5,1,323,0,0,0
WIN_20220408_13_17_58_Pro.jpg,CS5,0,461,0,0,0
WIN_20220408_13_18_12_Pro.jpg,CS5,0,365,0,0,0
WIN_20220408_13_18_32_Pro.jpg,CS5,0,381,0,0,0
WIN_20220408_13_19_21_Pro.jpg,CS5,0,324,0,0,0
WIN_20220408_12_53_19_Pro.jpg,CS5,1,402,0,0,0
WIN_20220408_12_53_59_Pro.jpg,CS5,3,447,0,0,0
WIN_20220408_12_54_54_Pro.jpg,CS5,0,418,0,0,0
WIN_20220408_12_55_17_Pro.jpg,CS5,0,404,0,0,0
WIN_20220408_12_55_56_Pro.jpg,CS5,1,379,0,0,0
WIN_20220408_12_56_23_Pro.jpg,CS5,1,325,0,0,0
WIN_20220408_12_56_38_Pro.jpg,CS5,2,432,0,0,0
WIN_20220408_12_56_59_Pro.jpg,CS5,0,342,0,0,0
WIN_20220408_12_57_15_Pro.jpg,CS5,0,407,0,0,0
WIN_20220408_12_57_39_Pro.jpg,CS5,1,454,0,0,0
WIN_20220411_18_13_12_Pro.jpg,CS5,1,1125,0,0,0
WIN_20220411_18_13_24_Pro.jpg,CS5,2,1204,0,0,0
WIN_20220411_18_13_39_Pro.jpg,CS5,0,1293,0,0,0
WIN_20220411_18_13_51_Pro.jpg,CS5,4,1228,0,0,0
WIN_20220411_18_14_06_Pro.jpg,CS5,2,1224,0,0,0
WIN_20220411_18_14_21_Pro.jpg,CS5,2,1174,0,0,0
WIN_20220411_18_14_34_Pro.jpg,CS5,1,1419,0,0,0
WIN_20220411_18_14_49_Pro.jpg,CS5,0,1223,0,0,0
WIN_20220411_18_15_02_Pro.jpg,CS5,3,1185,0,0,0
WIN_20220411_18_15_15_Pro.jpg,CS5,2,869,0,0,0
WIN_20220329_16_24_03_Pro.jpg,CS5,2,527,0,0,0
WIN_20220329_16_24_06_Pro.jpg,CS5,1,590,0,0,0
WIN_20220329_16_24_09_Pro.jpg,CS5,1,426,0,0,0
WIN_20220329_16_24_12_Pro.jpg,CS5,1,484,0,0,0
WIN_20220329_16_24_14_Pro.jpg,CS5,0,417,0,0,0
WIN_20220329_16_24_17_Pro.jpg,CS5,0,491,0,0,0
WIN_20220329_16_24_19_Pro.jpg,CS5,2,450,0,0,0
WIN_20220329_16_24_23_Pro.jpg,CS5,1,494,0,0,0
WIN_20220329_16_24_30_Pro.jpg,CS5,1,415,0,0,0
WIN_20220329_16_24_34_Pro.jpg,CS5,0,372,0,0,0
WIN_20220329_16_24_40_Pro.jpg,CS5,1,433,0,0,0
WIN_20220329_16_24_44_Pro.jpg,CS5,0,354,0,0,0
WIN_20220329_16_24_47_Pro.jpg,CS5,0,397,0,0,0
WIN_20220329_16_24_50_Pro.jpg,CS5,1,399,0,0,0
WIN_20220329_16_24_53_Pro.jpg,CS5,1,349,0,0,0
WIN_20220329_16_24_58_Pro.jpg,CS5,2,294,0,0,0
WIN_20220329_16_25_02_Pro.jpg,CS5,1,333,0,0,0
WIN_20220329_16_25_09_Pro.jpg,CS5,1,358,0,0,0
WIN_20220329_16_25_13_Pro.jpg,CS5,0,335,0,0,0
WIN_20220329_16_25_17_Pro.jpg,CS5,1,357,0,0,0
WIN_20220329_16_38_30_Pro.jpg,CS5,1,1056,0,0,0
WIN_20220329_16_38_33_Pro.jpg,CS5,1,977,0,0,0
WIN_20220329_16_38_36_Pro.jpg,CS5,1,941,0,0,0
WIN_20220329_16_38_39_Pro.jpg,CS5,3,1197,0,0,0
WIN_20220329_16_38_42_Pro.jpg,CS5,4,849,0,0,0
WIN_20220329_16_38_44_Pro.jpg,CS5,3,853,0,0,0
WIN_20220329_16_38_47_Pro.jpg,CS5,2,881,0,0,0
WIN_20220329_16_38_50_Pro.jpg,CS5,2,911,0,0,0
WIN_20220329_16_38_55_Pro.jpg,CS5,5,931,0,0,0
WIN_20220329_16_38_59_Pro.jpg,CS5,1,1028,0,0,0
WIN_20220329_16_39_05_Pro.jpg,CS5,2,806,0,0,0
WIN_20220329_16_39_12_Pro.jpg,CS5,1,695,0,0,0
WIN_20220329_16_39_17_Pro.jpg,CS5,1,712,0,0,0
WIN_20220329_16_40_01_Pro.jpg,CS5,1,828,0,0,0
WIN_20220329_16_40_04_Pro.jpg,CS5,0,756,0,0,0
WIN_20220329_16_40_07_Pro.jpg,CS5,3,648,0,0,0
WIN_20220329_16_40_10_Pro.jpg,CS5,3,774,0,0,0
WIN_20220329_16_40_14_Pro.jpg,CS5,1,753,0,0,0
WIN_20220329_16_40_16_Pro.jpg,CS5,1,1045,0,0,0
WIN_20220329_16_40_20_Pro.jpg,CS5,5,825,0,0,0
WIN_20220408_13_04_59_Pro.jpg,CS5,0,408,0,0,0
WIN_20220408_13_05_15_Pro.jpg,CS5,2,372,0,0,0
WIN_20220408_13_06_02_Pro.jpg,CS5,1,449,0,0,0
WIN_20220408_13_06_23_Pro.jpg,CS5,2,386,0,0,0
WIN_20220408_13_06_43_Pro.jpg,CS5,0,362,0,0,0
WIN_20220408_13_06_58_Pro.jpg,CS5,1,359,0,0,0
WIN_20220408_13_07_32_Pro.jpg,CS5,0,373,0,0,0
WIN_20220408_13_07_47_Pro.jpg,CS5,0,375,0,0,0
WIN_20220408_13_08_04_Pro.jpg,CS5,2,396,0,0,0
WIN_20220408_13_08_42_Pro.jpg,CS5,2,417,0,0,0
WIN_20220408_13_09_45_Pro.jpg,CS5,0,334,0,0,0
WIN_20220408_13_10_02_Pro.jpg,CS5,0,322,0,0,0
WIN_20220408_13_10_18_Pro.jpg,CS5,1,416,0,0,0
WIN_20220408_13_10_36_Pro.jpg,CS5,0,365,0,0,0
WIN_20220408_13_10_50_Pro.jpg,CS5,0,373,0,0,0
WIN_20220408_13_11_03_Pro.jpg,CS5,0,349,0,0,0
WIN_20220408_13_11_45_Pro.jpg,CS5,2,336,0,0,0
WIN_20220408_13_12_20_Pro.jpg,CS5,1,325,0,0,0
WIN_20220408_13_13_00_Pro.jpg,CS5,0,342,0,0,0
WIN_20220408_13_13_14_Pro.jpg,CS5,1,405,0,0,0
WIN_20220407_19_27_15_Pro.jpg,CS5,0,369,0,0,0
WIN_20220407_19_29_10_Pro.jpg,CS5,0,401,0,0,0
WIN_20220407_19_29_30_Pro.jpg,CS5,1,400,0,0,0
WIN_20220407_19_30_07_Pro.jpg,CS5,0,381,0,0,0
WIN_20220407_19_30_36_Pro.jpg,CS5,1,439,0,0,0
WIN_20220407_19_31_14_Pro.jpg,CS5,0,333,0,0,0
WIN_20220407_19_31_35_Pro.jpg,CS5,1,230,0,0,0
WIN_20220407_19_34_21_Pro.jpg,CS5,1,560,0,0,0
WIN_20220407_19_41_46_Pro.jpg,CS5,1,387,0,0,0
WIN_20220407_19_44_10_Pro.jpg,CS5,0,379,0,0,0
WIN_20220407_19_49_37_Pro.jpg,CS5,0,426,0,0,0
WIN_20220407_19_50_03_Pro.jpg,CS5,0,335,0,0,0
WIN_20220407_19_50_31_Pro.jpg,CS5,0,343,0,0,0
WIN_20220407_19_50_48_Pro.jpg,CS5,2,283,0,0,0
WIN_20220407_19_51_20_Pro.jpg,CS5,1,251,0,0,0
WIN_20220407_19_51_36_Pro.jpg,CS5,1,292,0,0,0
WIN_20220407_19_51_54_Pro.jpg,CS5,1,272,0,0,0
WIN_20220407_19_52_11_Pro.jpg,CS5,0,235,0,0,0
WIN_20220407_19_52_27_Pro.jpg,CS5,0,218,0,0,0
WIN_20220407_19_52_58_Pro.jpg,CS5,1,268,0,0,0
WIN_20220411_18_07_35_Pro.jpg,CS5,0,1098,0,0,0
WIN_20220411_18_07_48_Pro.jpg,CS5,0,1038,0,0,0
WIN_20220411_18_07_59_Pro.jpg,CS5,0,1096,0,0,0
WIN_20220411_18_08_16_Pro.jpg,CS5,0,1118,0,0,0
WIN_20220411_18_08_29_Pro.jpg,CS5,1,1121,0,0,0
WIN_20220411_18_08_41_Pro.jpg,CS5,0,1132,0,0,0
WIN_20220411_18_08_54_Pro.jpg,CS5,1,1170,0,0,0
WIN_20220411_18_09_06_Pro.jpg,CS5,1,1149,0,0,0
WIN_20220411_18_09_23_Pro.jpg,CS5,0,1195,0,0,0
WIN_20220411_18_09_40_Pro.jpg,CS5,1,879,0,0,0
WIN_20220411_18_09_59_Pro.jpg,CS5,1,711,0,0,0
WIN_20220411_18_10_10_Pro.jpg,CS5,0,787,0,0,0
WIN_20220411_18_10_45_Pro.jpg,CS5,0,812,0,0,0
WIN_20220411_18_10_57_Pro.jpg,CS5,0,758,0,0,0
WIN_20220411_18_11_10_Pro.jpg,CS5,0,741,0,0,0
WIN_20220411_18_11_23_Pro.jpg,CS5,0,796,0,0,0
WIN_20220411_18_11_35_Pro.jpg,CS5,0,771,0,0,0
WIN_20220411_18_11_48_Pro.jpg,CS5,2,922,0,0,0
WIN_20220411_18_12_00_Pro.jpg,CS5,1,823,0,0,0
WIN_20220411_18_12_12_Pro.jpg,CS5,0,846,0,0,0
WIN_20220329_16_29_53_Pro.jpg,CS5,1,401,0,0,0
WIN_20220329_16_29_57_Pro.jpg,CS5,2,489,0,0,0
WIN_20220329_16_29_59_Pro.jpg,CS5,0,549,0,0,0
WIN_20220329_16_30_01_Pro.jpg,CS5,1,492,0,0,0
WIN_20220329_16_30_04_Pro.jpg,CS5,0,450,0,0,0
WIN_20220329_16_30_07_Pro.jpg,CS5,0,646,0,0,0
WIN_20220329_16_30_09_Pro.jpg,CS5,0,478,0,0,0
WIN_20220329_16_30_56_Pro.jpg,CS5,0,368,0,0,0
WIN_20220329_16_31_00_Pro.jpg,CS5,0,299,0,0,0
WIN_20220329_16_35_45_Pro.jpg,CS5,0,316,0,0,0
WIN_20220329_15_46_20_Pro.jpg,CS5,0,712,0,0,0
WIN_20220329_15_46_23_Pro.jpg,CS5,2,781,0,0,0
WIN_20220329_15_46_40_Pro.jpg,CS5,1,741,0,0,0
WIN_20220329_15_46_45_Pro.jpg,CS5,0,666,0,0,0
WIN_20220329_15_46_53_Pro.jpg,CS5,0,686,0,0,0
WIN_20220329_15_46_58_Pro.jpg,CS5,3,733,0,0,0
WIN_20220329_15_47_01_Pro.jpg,CS5,4,696,0,0,0
WIN_20220329_15_47_04_Pro.jpg,CS5,2,972,0,0,0
WIN_20220329_15_47_07_Pro.jpg,CS5,1,1699,0,0,0
WIN_20220329_15_47_18_Pro.jpg,CS5,3,709,0,0,0
WIN_20220408_13_20_19_Pro.jpg,CS5,1,428,0,0,0
WIN_20220408_13_20_37_Pro.jpg,CS5,0,369,0,0,0
WIN_20220408_13_20_54_Pro.jpg,CS5,5,359,0,0,0
WIN_20220408_13_21_08_Pro.jpg,CS5,0,327,0,0,0
WIN_20220408_13_22_17_Pro.jpg,CS5,0,354,0,0,0
WIN_20220408_13_22_33_Pro.jpg,CS5,1,463,0,0,0
WIN_20220408_13_22_56_Pro.jpg,CS5,0,405,0,0,0
WIN_20220408_13_23_11_Pro.jpg,CS5,0,450,0,0,0
WIN_20220408_13_23_38_Pro.jpg,CS5,0,320,0,0,0
WIN_20220408_13_24_16_Pro.jpg,CS5,0,299,0,0,0
WIN_20220408_12_58_28_Pro.jpg,CS5,0,347,0,0,0
WIN_20220408_12_58_42_Pro.jpg,CS5,1,405,0,0,0
WIN_20220408_12_59_26_Pro.jpg,CS5,0,272,0,0,0
WIN_20220408_12_59_47_Pro.jpg,CS5,1,414,0,0,0
WIN_20220408_13_00_03_Pro.jpg,CS5,1,300,0,0,0
WIN_20220408_13_00_25_Pro.jpg,CS5,0,390,0,0,0
WIN_20220408_13_00_51_Pro.jpg,CS5,0,316,0,0,0
WIN_20220408_13_01_25_Pro.jpg,CS5,1,346,0,0,0
WIN_20220408_13_01_40_Pro.jpg,CS5,1,338,0,0,0
WIN_20220408_13_02_18_Pro.jpg,CS5,1,314,0,0,0
WIN_20220411_18_17_09_Pro.jpg,CS5,3,760,0,0,0
WIN_20220411_18_17_23_Pro.jpg,CS5,0,902,0,0,0
WIN_20220411_18_17_36_Pro.jpg,CS5,0,1049,0,0,0
WIN_20220411_18_17_55_Pro.jpg,CS5,0,890,0,0,0
WIN_20220411_18_18_11_Pro.jpg,CS5,2,1058,0,0,0
WIN_20220411_18_18_25_Pro.jpg,CS5,1,1026,0,0,0
WIN_20220411_18_18_41_Pro.jpg,CS5,0,1035,0,0,0
WIN_20220411_18_19_23_Pro.jpg,CS5,0,1003,0,0,0
WIN_20220411_18_19_35_Pro.jpg,CS5,0,834,0,0,0
WIN_20220411_18_19_50_Pro.jpg,CS5,0,626,0,0,0
WIN_20220329_17_01_26_Pro.jpg,CS6,0,301,0,0,0
WIN_20220329_17_01_33_Pro.jpg,CS6,1,220,0,0,0
WIN_20220329_17_01_41_Pro.jpg,CS6,0,314,0,0,0
WIN_20220329_17_01_54_Pro.jpg,CS6,1,255,0,0,0
WIN_20220329_17_02_22_Pro.jpg,CS6,2,295,0,0,0
WIN_20220329_17_02_32_Pro.jpg,CS6,0,295,0,0,0
WIN_20220329_17_02_38_Pro.jpg,CS6,0,289,0,0,0
WIN_20220329_17_02_49_Pro.jpg,CS6,1,300,0,0,0
WIN_20220329_17_02_57_Pro.jpg,CS6,0,322,0,0,0
WIN_20220329_17_03_05_Pro.jpg,CS6,0,336,0,0,0
WIN_20220329_17_03_49_Pro.jpg,CS6,1,315,0,0,0
WIN_20220329_17_04_03_Pro.jpg,CS6,1,262,0,0,0
WIN_20220329_17_04_10_Pro.jpg,CS6,0,263,0,0,0
WIN_20220329_17_04_20_Pro.jpg,CS6,1,256,0,0,0
WIN_20220329_16_47_18_Pro.jpg,CS6,6,828,0,0,0
WIN_20220329_16_48_29_Pro.jpg,CS6,0,298,0,0,0
WIN_20220329_16_48_32_Pro.jpg,CS6,0,466,0,0,0
WIN_20220329_16_48_35_Pro.jpg,CS6,1,407,0,0,0
WIN_20220329_16_48_45_Pro.jpg,CS6,0,390,0,0,0
WIN_20220329_16_48_48_Pro.jpg,CS6,1,449,0,0,0
WIN_20220329_16_48_52_Pro.jpg,CS6,0,498,0,0,0
WIN_20220329_16_48_55_Pro.jpg,CS6,1,418,0,0,0
WIN_20220329_16_49_02_Pro.jpg,CS6,2,541,0,0,0
WIN_20220329_16_49_10_Pro.jpg,CS6,1,434,0,0,0
WIN_20220329_16_49_19_Pro.jpg,CS6,0,463,0,0,0
WIN_20220329_16_49_25_Pro.jpg,CS6,1,565,0,0,0
WIN_20220329_16_49_30_Pro.jpg,CS6,0,499,0,0,0
WIN_20220329_16_55_16_Pro.jpg,CS6,2,366,0,0,0
WIN_20220408_13_49_16_Pro_C1.jpg,CS6,2,358,0,0,0
WIN_20220408_13_49_25_Pro_C2.jpg,CS6,1,328,0,0,0
WIN_20220408_13_49_34_Pro_C3.jpg,CS6,0,327,0,0,0
WIN_20220408_13_49_43_Pro_C4.jpg,CS6,0,207,0,0,0
WIN_20220408_13_49_53_Pro_C5.jpg,CS6,0,273,0,0,0
WIN_20220408_13_50_02_Pro_C6.jpg,CS6,1,262,0,0,0
WIN_20220408_13_50_13_Pro_C7.jpg,CS6,1,332,0,0,0
WIN_20220408_13_50_25_Pro_C8.jpg,CS6,1,314,0,0,0
WIN_20220408_13_50_38_Pro_C9.jpg,CS6,0,262,0,0,0
WIN_20220408_13_51_02_Pro_C10.jpg,CS6,1,271,0,0,0
WIN_20220408_13_51_39_Pro_C11.jpg,CS6,1,261,0,0,0
WIN_20220408_13_51_51_Pro_C12.jpg,CS6,2,233,0,0,0
WIN_20220408_13_52_04_Pro_C13.jpg,CS6,0,330,0,0,0
WIN_20220408_13_52_16_Pro_C14.jpg,CS6,2,243,0,0,0
WIN_20220408_13_40_41_Pro.jpg,CS6,1,199,0,0,0
WIN_20220408_13_41_35_Pro.jpg,CS6,0,343,0,0,0
WIN_20220408_13_41_52_Pro.jpg,CS6,0,220,0,0,0
WIN_20220408_13_42_12_Pro.jpg,CS6,3,231,0,0,0
WIN_20220408_13_42_27_Pro.jpg,CS6,2,241,0,0,0
WIN_20220408_13_42_47_Pro.jpg,CS6,0,212,0,0,0
WIN_20220408_13_43_00_Pro.jpg,CS6,1,338,0,0,0
WIN_20220408_13_43_17_Pro.jpg,CS6,0,304,0,0,0
WIN_20220408_13_43_34_Pro.jpg,CS6,0,258,0,0,0
WIN_20220408_13_44_48_Pro_C10.jpg,CS6,0,297,0,0,0
WIN_20220408_13_45_18_Pro_C11.jpg,CS6,2,258,0,0,0
WIN_20220408_13_46_05_Pro_C12.jpg,CS6,0,223,0,0,0
WIN_20220408_13_46_20_Pro_C13.jpg,CS6,1,281,0,0,0
WIN_20220408_13_46_35_Pro_C14.jpg,CS6,0,309,0,0,0
WIN_20220411_18_21_51_Pro.jpg,CS6,0,323,0,0,0
WIN_20220411_18_22_12_Pro.jpg,CS6,0,383,0,0,0
WIN_20220411_18_22_29_Pro.jpg,CS6,0,415,0,0,0
WIN_20220411_18_22_43_Pro.jpg,CS6,0,477,0,0,0
WIN_20220411_18_22_57_Pro.jpg,CS6,3,460,0,0,0
WIN_20220411_18_23_10_Pro.jpg,CS6,0,504,0,0,0
WIN_20220411_18_23_27_Pro.jpg,CS6,0,457,0,0,0
WIN_20220411_18_23_40_Pro.jpg,CS6,2,451,0,0,0
WIN_20220411_18_23_57_Pro.jpg,CS6,1,436,0,0,0
WIN_20220411_18_24_07_Pro.jpg,CS6,0,379,0,0,0
WIN_20220411_18_24_22_Pro.jpg,CS6,0,363,0,0,0
WIN_20220411_18_24_36_Pro.jpg,CS6,1,477,0,0,0
WIN_20220411_18_24_49_Pro.jpg,CS6,0,488,0,0,0
WIN_20220411_18_25_33_Pro.jpg,CS6,1,503,0,0,0
WIN_20220329_17_04_57_Pro.jpg,CS6,1,496,0,0,0
WIN_20220329_17_04_59_Pro.jpg,CS6,0,390,0,0,0
WIN_20220329_17_05_11_Pro.jpg,CS6,0,309,0,0,0
WIN_20220329_17_05_14_Pro.jpg,CS6,0,328,0,0,0
WIN_20220329_17_05_18_Pro.jpg,CS6,0,296,0,0,0
WIN_20220329_17_05_22_Pro.jpg,CS6,0,377,0,0,0
WIN_20220329_17_05_27_Pro.jpg,CS6,0,299,0,0,0
WIN_20220329_17_05_32_Pro.jpg,CS6,0,352,0,0,0
WIN_20220329_17_05_36_Pro.jpg,CS6,1,291,0,0,0
WIN_20220329_17_05_40_Pro.jpg,CS6,0,365,0,0,0
WIN_20220329_17_06_02_Pro.jpg,CS6,1,428,0,0,0
WIN_20220329_17_06_07_Pro.jpg,CS6,0,454,0,0,0
WIN_20220329_17_06_11_Pro.jpg,CS6,0,387,0,0,0
WIN_20220329_17_06_33_Pro.jpg,CS6,0,392,0,0,0
WIN_20220329_17_06_40_Pro.jpg,CS6,0,376,0,0,0
WIN_20220329_17_06_44_Pro.jpg,CS6,0,365,0,0,0
WIN_20220329_17_06_49_Pro.jpg,CS6,2,316,0,0,0
WIN_20220329_17_06_55_Pro.jpg,CS6,0,385,0,0,0
WIN_20220329_17_07_03_Pro.jpg,CS6,0,353,0,0,0
WIN_20220329_17_07_35_Pro.jpg,CS6,0,377,0,0,0
WIN_20220329_17_07_39_Pro.jpg,CS6,0,389,0,0,0
WIN_20220329_17_07_44_Pro.jpg,CS6,0,380,0,0,0
WIN_20220329_17_07_50_Pro.jpg,CS6,0,335,0,0,0
WIN_20220329_17_08_01_Pro.jpg,CS6,1,419,0,0,0
WIN_20220329_17_09_50_Pro.jpg,CS6,0,527,0,0,0
WIN_20220329_17_09_55_Pro.jpg,CS6,0,503,0,0,0
WIN_20220329_17_09_59_Pro.jpg,CS6,2,553,0,0,0
WIN_20220329_17_10_04_Pro.jpg,CS6,2,570,0,0,0
WIN_20220329_17_10_08_Pro.jpg,CS6,0,581,0,0,0
WIN_20220329_17_10_13_Pro.jpg,CS6,1,585,0,0,0
WIN_20220329_17_10_18_Pro.jpg,CS6,0,521,0,0,0
WIN_20220329_17_10_22_Pro.jpg,CS6,1,464,0,0,0
WIN_20220329_17_10_29_Pro.jpg,CS6,2,490,0,0,0
WIN_20220329_17_10_33_Pro.jpg,CS6,0,583,0,0,0
WIN_20220329_16_50_00_Pro.jpg,CS6,0,602,0,0,0
WIN_20220329_16_50_06_Pro.jpg,CS6,0,559,0,0,0
WIN_20220329_16_50_16_Pro.jpg,CS6,0,633,0,0,0
WIN_20220329_16_50_20_Pro.jpg,CS6,0,496,0,0,0
WIN_20220329_16_50_24_Pro.jpg,CS6,3,759,0,0,0
WIN_20220329_16_50_29_Pro.jpg,CS6,1,740,0,0,0
WIN_20220329_16_50_34_Pro.jpg,CS6,4,903,0,0,0
WIN_20220329_16_50_37_Pro.jpg,CS6,0,767,0,0,0
WIN_20220329_16_50_41_Pro.jpg,CS6,1,643,0,0,0
WIN_20220329_16_50_51_Pro.jpg,CS6,0,698,0,0,0
WIN_20220329_16_51_02_Pro.jpg,CS6,0,756,0,0,0
WIN_20220329_16_51_07_Pro.jpg,CS6,4,954,0,0,0
WIN_20220329_16_51_11_Pro.jpg,CS6,1,764,0,0,0
WIN_20220329_16_51_15_Pro.jpg,CS6,3,671,0,0,0
WIN_20220329_16_51_23_Pro.jpg,CS6,2,735,0,0,0
WIN_20220329_16_51_27_Pro.jpg,CS6,1,698,0,0,0
WIN_20220329_16_51_33_Pro.jpg,CS6,2,782,0,0,0
WIN_20220329_16_51_37_Pro.jpg,CS6,2,904,0,0,0
WIN_20220329_16_51_43_Pro.jpg,CS6,1,1033,0,0,0
WIN_20220329_16_51_49_Pro.jpg,CS6,0,877,0,0,0
WIN_20220329_16_51_53_Pro.jpg,CS6,0,898,0,0,0
WIN_20220329_16_51_58_Pro.jpg,CS6,0,864,0,0,0
WIN_20220329_16_52_04_Pro.jpg,CS6,0,924,0,0,0
WIN_20220329_16_52_10_Pro.jpg,CS6,1,987,0,0,0
WIN_20220329_16_52_52_Pro.jpg,CS6,2,974,0,0,0
WIN_20220329_16_52_56_Pro.jpg,CS6,1,1135,0,0,0
WIN_20220329_16_52_58_Pro.jpg,CS6,0,986,0,0,0
WIN_20220329_16_53_01_Pro.jpg,CS6,2,1024,0,0,0
WIN_20220329_16_53_05_Pro.jpg,CS6,4,1002,0,0,0
WIN_20220329_16_53_11_Pro.jpg,CS6,2,836,0,0,0
WIN_20220329_16_53_15_Pro.jpg,CS6,2,803,0,0,0
WIN_20220329_16_53_20_Pro.jpg,CS6,0,911,0,0,0
WIN_20220329_16_53_27_Pro.jpg,CS6,2,719,0,0,0
WIN_20220329_16_53_33_Pro.jpg,CS6,1,772,0,0,0
WIN_20220408_14_02_58_Pro.jpg,CS6,1,374,0,0,0
WIN_20220408_14_03_19_Pro.jpg,CS6,0,307,0,0,0
WIN_20220408_14_03_30_Pro.jpg,CS6,0,345,0,0,0
WIN_20220408_14_03_41_Pro.jpg,CS6,2,333,0,0,0
WIN_20220408_14_03_53_Pro.jpg,CS6,2,302,0,0,0
WIN_20220408_14_04_10_Pro.jpg,CS6,1,209,0,0,0
WIN_20220408_14_04_22_Pro.jpg,CS6,2,257,0,0,0
WIN_20220408_14_04_34_Pro.jpg,CS6,0,317,0,0,0
WIN_20220408_14_04_45_Pro.jpg,CS6,2,245,0,0,0
WIN_20220408_14_04_59_Pro.jpg,CS6,0,377,0,0,0
WIN_20220408_14_05_25_Pro.jpg,CS6,0,228,0,0,0
WIN_20220408_14_05_45_Pro.jpg,CS6,1,335,0,0,0
WIN_20220408_14_09_46_Pro_C35.jpg,CS6,0,282,0,0,0
WIN_20220408_14_10_29_Pro.jpg,CS6,2,240,0,0,0
WIN_20220408_14_10_41_Pro.jpg,CS6,2,344,0,0,0
WIN_20220408_14_10_55_Pro.jpg,CS6,0,294,0,0,0
WIN_20220408_14_11_07_Pro.jpg,CS6,1,425,0,0,0
WIN_20220408_14_11_18_Pro.jpg,CS6,0,297,0,0,0
WIN_20220408_14_11_34_Pro.jpg,CS6,0,356,0,0,0
WIN_20220408_14_11_46_Pro.jpg,CS6,3,430,0,0,0
WIN_20220408_14_12_00_Pro.jpg,CS6,2,345,0,0,0
WIN_20220408_14_12_16_Pro.jpg,CS6,1,347,0,0,0
WIN_20220408_14_16_20_Pro.jpg,CS6,2,266,0,0,0
WIN_20220408_14_16_40_Pro.jpg,CS6,3,343,0,0,0
WIN_20220408_14_16_59_Pro.jpg,CS6,1,278,0,0,0
WIN_20220408_14_17_12_Pro.jpg,CS6,0,328,0,0,0
WIN_20220408_14_17_26_Pro.jpg,CS6,3,391,0,0,0
WIN_20220408_14_17_48_Pro.jpg,CS6,3,351,0,0,0
WIN_20220408_14_18_00_Pro.jpg,CS6,0,255,0,0,0
WIN_20220408_14_18_18_Pro.jpg,CS6,1,375,0,0,0
WIN_20220408_14_18_26_Pro.jpg,CS6,0,279,0,0,0
WIN_20220408_14_19_23_Pro.jpg,CS6,1,292,0,0,0
WIN_20220408_14_13_28_Pro.jpg,CS6,1,399,0,0,0
WIN_20220408_14_13_37_Pro.jpg,CS6,2,253,0,0,0
WIN_20220408_14_13_49_Pro.jpg,CS6,0,294,0,0,0
WIN_20220408_14_14_00_Pro.jpg,CS6,0,245,0,0,0
WIN_20220408_14_14_11_Pro.jpg,CS6,1,305,0,0,0
WIN_20220408_14_14_21_Pro.jpg,CS6,3,262,0,0,0
WIN_20220408_14_14_34_Pro.jpg,CS6,3,196,0,0,0
WIN_20220408_14_14_47_Pro.jpg,CS6,0,320,0,0,0
WIN_20220408_14_14_57_Pro.jpg,CS6,0,316,0,0,0
WIN_20220408_14_15_16_Pro.jpg,CS6,1,273,0,0,0
WIN_20220408_14_24_18_Pro.jpg,CS6,1,379,0,0,0
WIN_20220408_14_24_30_Pro.jpg,CS6,1,274,0,0,0
WIN_20220408_14_24_40_Pro.jpg,CS6,0,355,0,0,0
WIN_20220408_14_24_59_Pro.jpg,CS6,2,250,0,0,0
WIN_20220408_14_25_22_Pro.jpg,CS6,1,197,0,0,0
WIN_20220408_14_25_34_Pro.jpg,CS6,3,321,0,0,0
WIN_20220408_14_25_56_Pro.jpg,CS6,2,353,0,0,0
WIN_20220408_14_26_07_Pro.jpg,CS6,1,213,0,0,0
WIN_20220408_14_26_31_Pro.jpg,CS6,0,352,0,0,0
WIN_20220408_14_26_45_Pro.jpg,CS6,0,274,0,0,0
WIN_20220408_14_27_01_Pro.jpg,CS6,1,360,0,0,0
WIN_20220408_14_27_19_Pro.jpg,CS6,0,388,0,0,0
WIN_20220408_14_30_59_Pro.jpg,CS6,0,292,0,0,0
WIN_20220408_14_31_09_Pro.jpg,CS6,0,283,0,0,0
WIN_20220408_14_31_27_Pro.jpg,CS6,2,398,0,0,0
WIN_20220408_14_31_36_Pro.jpg,CS6,0,362,0,0,0
WIN_20220408_14_31_46_Pro.jpg,CS6,1,388,0,0,0
WIN_20220408_14_31_58_Pro.jpg,CS6,1,383,0,0,0
WIN_20220408_14_32_07_Pro.jpg,CS6,0,330,0,0,0
WIN_20220408_14_32_15_Pro.jpg,CS6,1,414,0,0,0
WIN_20220408_14_32_27_Pro.jpg,CS6,2,507,0,0,0
WIN_20220408_14_32_54_Pro.jpg,CS6,0,397,0,0,0
WIN_20220411_18_27_13_Pro.jpg,CS6,0,619,0,0,0
WIN_20220411_18_27_33_Pro.jpg,CS6,1,529,0,0,0
WIN_20220411_18_27_45_Pro.jpg,CS6,1,578,0,0,0
WIN_20220411_18_27_57_Pro.jpg,CS6,2,597,0,0,0
WIN_20220411_18_28_10_Pro.jpg,CS6,2,589,0,0,0
WIN_20220411_18_28_23_Pro.jpg,CS6,0,602,0,0,0
WIN_20220411_18_28_37_Pro.jpg,CS6,0,652,0,0,0
WIN_20220411_18_28_50_Pro.jpg,CS6,1,746,0,0,0
WIN_20220411_18_29_32_Pro.jpg,CS6,1,752,0,0,0
WIN_20220411_18_29_43_Pro.jpg,CS6,2,585,0,0,0
WIN_20220411_18_30_33_Pro.jpg,CS6,0,470,0,0,0
WIN_20220411_18_30_46_Pro.jpg,CS6,1,615,0,0,0
WIN_20220411_18_30_56_Pro.jpg,CS6,1,758,0,0,0
WIN_20220411_18_31_08_Pro.jpg,CS6,0,705,0,0,0
WIN_20220411_18_31_24_Pro.jpg,CS6,1,720,0,0,0
WIN_20220411_18_31_38_Pro.jpg,CS6,2,752,0,0,0
WIN_20220411_18_31_53_Pro.jpg,CS6,1,630,0,0,0
WIN_20220411_18_32_06_Pro.jpg,CS6,0,616,0,0,0
WIN_20220411_18_32_21_Pro.jpg,CS6,2,688,0,0,0
WIN_20220411_18_32_35_Pro.jpg,CS6,0,691,0,0,0
WIN_20220411_18_32_50_Pro.jpg,CS6,0,724,0,0,0
WIN_20220411_18_33_06_Pro.jpg,CS6,2,632,0,0,0
WIN_20220411_18_33_24_Pro.jpg,CS6,0,596,0,0,0
WIN_20220411_18_33_38_Pro.jpg,CS6,0,728,0,0,0
WIN_20220411_18_34_04_Pro.jpg,CS6,0,803,0,0,0
WIN_20220411_18_34_22_Pro.jpg,CS6,1,733,0,0,0
WIN_20220411_18_34_34_Pro.jpg,CS6,3,808,0,0,0
WIN_20220411_18_34_44_Pro.jpg,CS6,2,888,0,0,0
WIN_20220411_18_34_56_Pro.jpg,CS6,2,888,0,0,0
WIN_20220411_18_35_13_Pro.jpg,CS6,2,768,0,0,0
WIN_20220411_18_35_33_Pro.jpg,CS6,0,748,0,0,0
WIN_20220411_18_35_48_Pro.jpg,CS6,0,833,0,0,0
WIN_20220411_18_36_01_Pro.jpg,CS6,0,714,0,0,0
WIN_20220411_18_36_12_Pro.jpg,CS6,2,654,0,0,0
WIN_20220329_17_41_27_Pro.jpg,CS7,0,92,0,0,0
WIN_20220329_17_41_30_Pro.jpg,CS7,0,94,0,0,0
WIN_20220329_17_41_38_Pro.jpg,CS7,1,110,0,0,0
WIN_20220329_17_42_05_Pro.jpg,CS7,2,81,0,0,0
WIN_20220329_17_42_09_Pro.jpg,CS7,0,112,0,0,0
WIN_20220329_17_42_11_Pro.jpg,CS7,0,121,0,0,0
WIN_20220329_17_42_14_Pro.jpg,CS7,0,95,0,0,0
WIN_20220329_17_42_18_Pro.jpg,CS7,2,145,0,0,0
WIN_20220329_17_42_21_Pro.jpg,CS7,0,176,0,0,0
WIN_20220329_17_42_25_Pro.jpg,CS7,0,258,0,0,0
WIN_20220329_17_42_29_Pro.jpg,CS7,1,218,0,0,0
WIN_20220329_17_42_33_Pro.jpg,CS7,0,149,0,0,0
WIN_20220329_17_42_37_Pro.jpg,CS7,0,150,0,0,0
WIN_20220329_17_42_42_Pro.jpg,CS7,1,115,0,0,0
WIN_20220329_17_43_14_Pro.jpg,CS7,0,139,0,0,0
WIN_20220329_17_43_18_Pro.jpg,CS7,0,142,0,0,0
WIN_20220329_17_43_21_Pro.jpg,CS7,0,116,0,0,0
WIN_20220329_17_43_26_Pro.jpg,CS7,0,133,0,0,0
WIN_20220329_17_43_30_Pro.jpg,CS7,0,104,0,0,0
WIN_20220329_17_43_46_Pro.jpg,CS7,0,192,0,0,0
WIN_20220329_17_43_52_Pro.jpg,CS7,0,136,0,0,0
WIN_20220329_17_43_57_Pro.jpg,CS7,1,183,0,0,0
WIN_20220329_17_44_02_Pro.jpg,CS7,0,149,0,0,0
WIN_20220329_17_44_06_Pro.jpg,CS7,0,141,0,0,0
WIN_20220329_17_44_16_Pro.jpg,CS7,0,179,0,0,0
WIN_20220329_17_44_23_Pro.jpg,CS7,0,194,0,0,0
WIN_20220329_17_44_31_Pro.jpg,CS7,1,136,0,0,0
WIN_20220329_17_46_03_Pro.jpg,CS7,3,218,0,0,0
WIN_20220329_17_46_08_Pro.jpg,CS7,0,238,0,0,0
WIN_20220329_17_47_06_Pro.jpg,CS7,0,193,0,0,0
WIN_20220329_17_47_12_Pro.jpg,CS7,0,171,0,0,0
WIN_20220329_17_47_15_Pro.jpg,CS7,1,252,0,0,0
WIN_20220329_17_47_19_Pro.jpg,CS7,0,209,0,0,0
WIN_20220329_17_47_23_Pro.jpg,CS7,0,190,0,0,0
WIN_20220329_17_47_27_Pro.jpg,CS7,0,178,0,0,0
WIN_20220329_17_47_30_Pro.jpg,CS7,1,182,0,0,0
WIN_20220329_17_47_52_Pro.jpg,CS7,0,95,0,0,0
WIN_20220329_17_48_00_Pro.jpg,CS7,0,85,0,0,0
WIN_20220329_17_48_05_Pro.jpg,CS7,0,91,0,0,0
WIN_20220329_17_48_09_Pro.jpg,CS7,1,90,0,0,0
WIN_20220329_17_48_13_Pro.jpg,CS7,0,142,0,0,0
WIN_20220329_17_48_20_Pro.jpg,CS7,0,133,0,0,0
WIN_20220329_17_48_25_Pro.jpg,CS7,1,121,0,0,0
WIN_20220329_17_48_29_Pro.jpg,CS7,0,122,0,0,0
WIN_20220329_17_48_38_Pro.jpg,CS7,0,134,0,0,0
WIN_20220329_17_48_43_Pro.jpg,CS7,1,142,0,0,0
WIN_20220329_17_49_33_Pro.jpg,CS7,0,174,0,0,0
WIN_20220329_17_49_37_Pro.jpg,CS7,0,150,0,0,0
WIN_20220329_17_49_41_Pro.jpg,CS7,0,178,0,0,0
WIN_20220329_17_49_43_Pro.jpg,CS7,0,111,0,0,0
WIN_20220329_17_49_46_Pro.jpg,CS7,0,156,0,0,0
WIN_20220329_17_49_49_Pro.jpg,CS7,0,191,0,0,0
WIN_20220329_17_49_51_Pro.jpg,CS7,2,164,0,0,0
WIN_20220329_17_49_55_Pro.jpg,CS7,1,98,0,0,0
WIN_20220329_17_50_00_Pro.jpg,CS7,0,116,0,0,0
WIN_20220329_17_50_35_Pro.jpg,CS7,1,135,0,0,0
WIN_20220329_17_51_52_Pro.jpg,CS7,0,125,0,0,0
WIN_20220329_17_51_56_Pro.jpg,CS7,0,143,0,0,0
WIN_20220329_17_52_00_Pro.jpg,CS7,0,153,0,0,0
WIN_20220329_17_52_03_Pro.jpg,CS7,1,157,0,0,0
WIN_20220329_17_52_07_Pro.jpg,CS7,0,171,0,0,0
WIN_20220329_17_52_11_Pro.jpg,CS7,0,190,0,0,0
WIN_20220329_17_52_16_Pro.jpg,CS7,0,184,0,0,0
WIN_20220329_17_52_28_Pro.jpg,CS7,0,147,0,0,0
WIN_20220329_17_53_16_Pro.jpg,CS7,0,141,0,0,0
WIN_20220329_17_53_20_Pro.jpg,CS7,1,150,0,0,0
WIN_20220329_17_53_23_Pro.jpg,CS7,2,188,0,0,0
WIN_20220329_17_53_26_Pro.jpg,CS7,0,153,0,0,0
WIN_20220329_17_53_29_Pro.jpg,CS7,0,149,0,0,0
WIN_20220329_17_53_33_Pro.jpg,CS7,0,108,0,0,0
WIN_20220329_17_53_47_Pro.jpg,CS7,0,140,0,0,0
WIN_20220329_17_53_50_Pro.jpg,CS7,0,58,0,0,0
WIN_20220329_17_54_04_Pro.jpg,CS7,0,64,0,0,0
WIN_20220329_17_20_10_Pro.jpg,CS7,7,1381,0,0,0
WIN_20220329_17_20_13_Pro.jpg,CS7,7,1142,0,0,0
WIN_20220329_17_20_16_Pro.jpg,CS7,4,958,0,0,0
WIN_20220329_17_20_20_Pro.jpg,CS7,2,959,0,0,0
WIN_20220329_17_20_23_Pro.jpg,CS7,1,894,0,0,0
WIN_20220329_17_20_28_Pro.jpg,CS7,1,771,0,0,0
WIN_20220329_17_20_32_Pro.jpg,CS7,3,625,0,0,0
WIN_20220329_17_20_36_Pro.jpg,CS7,0,592,0,0,0
WIN_20220329_17_20_45_Pro.jpg,CS7,3,894,0,0,0
WIN_20220329_17_20_50_Pro.jpg,CS7,4,1373,0,0,0
WIN_20220329_17_20_55_Pro.jpg,CS7,4,765,0,0,0
WIN_20220329_17_20_58_Pro.jpg,CS7,1,699,0,0,0
WIN_20220329_17_21_04_Pro.jpg,CS7,0,573,0,0,0
WIN_20220329_17_21_11_Pro.jpg,CS7,1,439,0,0,0
WIN_20220329_17_21_14_Pro.jpg,CS7,1,484,0,0,0
WIN_20220329_17_21_18_Pro.jpg,CS7,0,399,0,0,0
WIN_20220329_17_21_22_Pro.jpg,CS7,0,447,0,0,0
WIN_20220329_17_21_25_Pro.jpg,CS7,0,261,0,0,0
WIN_20220329_17_21_28_Pro.jpg,CS7,0,378,0,0,0
WIN_20220329_17_22_49_Pro.jpg,CS7,0,508,0,0,0
WIN_20220329_17_22_54_Pro.jpg,CS7,0,359,0,0,0
WIN_20220329_17_22_58_Pro.jpg,CS7,0,456,0,0,0
WIN_20220329_17_23_03_Pro.jpg,CS7,0,440,0,0,0
WIN_20220329_17_23_08_Pro.jpg,CS7,0,670,0,0,0
WIN_20220329_17_23_13_Pro.jpg,CS7,1,854,0,0,0
WIN_20220329_17_23_17_Pro.jpg,CS7,0,814,0,0,0
WIN_20220329_17_23_23_Pro.jpg,CS7,4,760,0,0,0
WIN_20220329_17_23_32_Pro.jpg,CS7,2,994,0,0,0
WIN_20220329_17_23_41_Pro.jpg,CS7,8,1197,0,0,0
WIN_20220329_17_23_45_Pro.jpg,CS7,2,1081,0,0,0
WIN_20220329_17_23_49_Pro.jpg,CS7,4,913,0,0,0
WIN_20220329_17_23_54_Pro.jpg,CS7,0,894,0,0,0
WIN_20220329_17_23_57_Pro.jpg,CS7,3,931,0,0,0
WIN_20220329_17_24_01_Pro.jpg,CS7,6,1074,0,0,0
WIN_20220329_17_24_04_Pro.jpg,CS7,2,895,0,0,0
WIN_20220329_17_24_08_Pro.jpg,CS7,1,949,0,0,0
WIN_20220329_17_24_13_Pro.jpg,CS7,1,811,0,0,0
WIN_20220329_17_28_15_Pro.jpg,CS7,0,331,0,0,0
WIN_20220329_17_28_19_Pro.jpg,CS7,1,394,0,0,0
WIN_20220329_17_28_25_Pro.jpg,CS7,1,416,0,0,0
WIN_20220329_17_28_31_Pro.jpg,CS7,0,742,0,0,0
WIN_20220329_17_28_46_Pro.jpg,CS7,4,760,0,0,0
WIN_20220329_17_28_54_Pro.jpg,CS7,1,698,0,0,0
WIN_20220329_17_28_57_Pro.jpg,CS7,0,646,0,0,0
WIN_20220329_17_29_00_Pro.jpg,CS7,0,659,0,0,0
WIN_20220329_17_29_04_Pro.jpg,CS7,0,604,0,0,0
WIN_20220329_17_30_20_Pro.jpg,CS7,7,542,0,0,0
WIN_20220329_17_30_24_Pro.jpg,CS7,0,551,0,0,0
WIN_20220329_17_30_28_Pro.jpg,CS7,2,499,0,0,0
WIN_20220329_17_30_32_Pro.jpg,CS7,1,489,0,0,0
WIN_20220329_17_30_36_Pro.jpg,CS7,2,612,0,0,0
WIN_20220329_17_30_39_Pro.jpg,CS7,1,486,0,0,0
WIN_20220329_17_30_42_Pro.jpg,CS7,0,500,0,0,0
WIN_20220329_17_30_45_Pro.jpg,CS7,0,405,0,0,0
WIN_20220329_17_30_48_Pro.jpg,CS7,0,457,0,0,0
WIN_20220329_17_31_09_Pro.jpg,CS7,0,280,0,0,0
WIN_20220329_17_31_13_Pro.jpg,CS7,0,435,0,0,0
WIN_20220329_17_31_16_Pro.jpg,CS7,3,467,0,0,0
WIN_20220329_17_31_28_Pro.jpg,CS7,1,593,0,0,0
WIN_20220329_17_31_32_Pro.jpg,CS7,2,683,0,0,0
WIN_20220329_17_31_36_Pro.jpg,CS7,0,658,0,0,0
WIN_20220329_17_31_41_Pro.jpg,CS7,1,895,0,0,0
WIN_20220329_17_31_47_Pro.jpg,CS7,3,820,0,0,0
WIN_20220329_17_32_04_Pro.jpg,CS7,8,1484,0,0,0
WIN_20220329_17_32_08_Pro.jpg,CS7,8,1046,0,0,0
WIN_20220329_17_32_12_Pro.jpg,CS7,3,1179,0,0,0
WIN_20220329_17_32_19_Pro.jpg,CS7,1,1121,0,0,0
WIN_20220329_17_32_22_Pro.jpg,CS7,4,1155,0,0,0
WIN_20220329_17_32_27_Pro.jpg,CS7,10,1444,0,0,0
WIN_20220329_17_32_38_Pro.jpg,CS7,3,1102,0,0,0
WIN_20220329_17_32_44_Pro.jpg,CS7,4,1553,0,0,0
WIN_20220329_17_32_47_Pro.jpg,CS7,3,1248,0,0,0
WIN_20220329_17_38_40_Pro.jpg,CS7,1,341,0,0,0
WIN_20220822_12_48_05_Pro.jpg,CS7,0,450,0,0,0
WIN_20220822_12_49_02_Pro.jpg,CS7,2,290,0,0,0
WIN_20220822_12_49_20_Pro.jpg,CS7,2,315,0,0,0
WIN_20220822_12_49_47_Pro.jpg,CS7,0,306,0,0,0
WIN_20220822_12_50_11_Pro.jpg,CS7,0,405,0,0,0
WIN_20220822_12_50_30_Pro.jpg,CS7,0,358,0,0,0
WIN_20220822_12_50_48_Pro.jpg,CS7,3,431,0,0,0
WIN_20220822_12_53_45_Pro.jpg,CS7,0,217,0,0,0
WIN_20220822_12_55_19_Pro.jpg,CS7,1,264,0,0,0
WIN_20220822_12_56_05_Pro.jpg,CS7,0,278,0,0,0
WIN_20220822_12_56_44_Pro.jpg,CS7,1,245,0,0,0
WIN_20220822_12_57_16_Pro.jpg,CS7,2,219,0,0,0
WIN_20220822_12_58_37_Pro.jpg,CS7,2,177,0,0,0
WIN_20220822_12_58_56_Pro.jpg,CS7,1,128,0,0,0
WIN_20220822_12_59_50_Pro.jpg,CS7,0,164,0,0,0
WIN_20220822_13_00_16_Pro.jpg,CS7,0,149,0,0,0
WIN_20220822_13_02_47_Pro.jpg,CS7,0,229,0,0,0
WIN_20220822_13_04_21_Pro.jpg,CS7,1,155,0,0,0
WIN_20220822_13_04_57_Pro.jpg,CS7,1,281,0,0,0
WIN_20220822_13_08_11_Pro.jpg,CS7,3,282,0,0,0
WIN_20220822_13_09_18_Pro.jpg,CS7,0,301,0,0,0
WIN_20220822_13_09_37_Pro.jpg,CS7,2,330,0,0,0
WIN_20220822_13_10_12_Pro.jpg,CS7,0,310,0,0,0
WIN_20220822_13_10_41_Pro.jpg,CS7,0,418,0,0,0
WIN_20220822_13_11_18_Pro.jpg,CS7,0,292,0,0,0
WIN_20220822_13_13_06_Pro.jpg,CS7,2,260,0,0,0
WIN_20220822_13_13_26_Pro.jpg,CS7,1,277,0,0,0
WIN_20220822_13_14_00_Pro.jpg,CS7,2,448,0,0,0
WIN_20220822_13_15_25_Pro.jpg,CS7,1,349,0,0,0
WIN_20220822_13_16_43_Pro.jpg,CS7,0,311,0,0,0
WIN_20220822_13_19_11_Pro.jpg,CS7,0,297,0,0,0
WIN_20220822_13_20_00_Pro.jpg,CS7,0,256,0,0,0
WIN_20220822_13_20_15_Pro.jpg,CS7,1,264,0,0,0
WIN_20220822_13_20_27_Pro.jpg,CS7,2,276,0,0,0
WIN_20220822_13_20_58_Pro.jpg,CS7,0,172,0,0,0
WIN_20220822_13_21_10_Pro.jpg,CS7,0,189,0,0,0
WIN_20220822_13_21_37_Pro.jpg,CS7,1,220,0,0,0
WIN_20220822_13_22_52_Pro.jpg,CS7,0,316,0,0,0
WIN_20220822_13_24_27_Pro.jpg,CS7,2,235,0,0,0
WIN_20220822_13_25_08_Pro.jpg,CS7,1,91,0,0,0
WIN_20220822_13_25_58_Pro.jpg,CS7,0,162,0,0,0
WIN_20220822_13_26_26_Pro.jpg,CS7,0,212,0,0,0
WIN_20220822_13_26_49_Pro.jpg,CS7,0,199,0,0,0
WIN_20220822_13_27_26_Pro.jpg,CS7,2,173,0,0,0
WIN_20220822_13_28_00_Pro.jpg,CS7,1,138,0,0,0
WIN_20220822_13_28_32_Pro.jpg,CS7,0,187,0,0,0
WIN_20220822_13_29_36_Pro.jpg,CS7,2,105,0,0,0
WIN_20220822_13_30_00_Pro.jpg,CS7,0,156,0,0,0
WIN_20220822_13_32_43_Pro.jpg,CS7,2,220,0,0,0
WIN_20220822_13_33_40_Pro.jpg,CS7,3,370,0,0,0
WIN_20220822_13_34_46_Pro.jpg,CS7,0,197,0,0,0
WIN_20220822_13_35_03_Pro.jpg,CS7,0,208,0,0,0
WIN_20220822_13_35_25_Pro.jpg,CS7,1,133,0,0,0
WIN_20220822_13_35_57_Pro.jpg,CS7,2,228,0,0,0
WIN_20220822_13_36_33_Pro.jpg,CS7,1,219,0,0,0
WIN_20220822_15_01_02_Pro.jpg,CS7,0,412,0,0,0
WIN_20220822_15_02_15_Pro.jpg,CS7,4,190,0,0,0
WIN_20220822_15_03_40_Pro.jpg,CS7,1,165,0,0,0
WIN_20220822_15_04_17_Pro.jpg,CS7,0,223,0,0,0
WIN_20220822_15_04_47_Pro.jpg,CS7,1,217,0,0,0
WIN_20220822_15_05_21_Pro.jpg,CS7,0,195,0,0,0
WIN_20220822_15_06_13_Pro.jpg,CS7,0,386,0,0,0
WIN_20220822_15_06_30_Pro.jpg,CS7,2,329,0,0,0
WIN_20220822_15_14_55_Pro.jpg,CS7,2,231,0,0,0
WIN_20220822_15_15_56_Pro.jpg,CS7,3,266,0,0,0
WIN_20220822_15_16_29_Pro.jpg,CS7,1,386,0,0,0
WIN_20220822_15_16_58_Pro.jpg,CS7,0,211,0,0,0
WIN_20220822_15_17_51_Pro.jpg,CS7,1,208,0,0,0
WIN_20220822_15_18_17_Pro.jpg,CS7,1,627,0,0,0
WIN_20220822_15_18_33_Pro.jpg,CS7,0,373,0,0,0
WIN_20220822_15_19_03_Pro.jpg,CS7,2,188,0,0,0
WIN_20220822_15_20_47_Pro.jpg,CS7,0,163,0,0,0
WIN_20220822_15_24_20_Pro.jpg,CS7,0,182,0,0,0
WIN_20220824_12_11_06_Pro.jpg,CS7,0,548,0,0,0
WIN_20220824_12_12_22_Pro.jpg,CS7,0,647,0,0,0
WIN_20220824_12_13_00_Pro.jpg,CS7,0,598,0,0,0
WIN_20220824_12_13_34_Pro.jpg,CS7,1,574,0,0,0
WIN_20220824_12_13_51_Pro.jpg,CS7,0,454,0,0,0
WIN_20220824_12_14_06_Pro.jpg,CS7,1,473,0,0,0
WIN_20220824_12_14_20_Pro.jpg,CS7,0,449,0,0,0
WIN_20220824_12_14_33_Pro.jpg,CS7,0,399,0,0,0
WIN_20220824_12_14_45_Pro.jpg,CS7,0,575,0,0,0
WIN_20220824_12_14_56_Pro.jpg,CS7,2,792,0,0,0
WIN_20220824_12_15_08_Pro.jpg,CS7,0,575,0,0,0
WIN_20220824_12_15_20_Pro.jpg,CS7,1,559,0,0,0
WIN_20220824_12_15_32_Pro.jpg,CS7,0,502,0,0,0
WIN_20220824_12_15_43_Pro.jpg,CS7,0,404,0,0,0
WIN_20220824_12_15_57_Pro.jpg,CS7,0,377,0,0,0
WIN_20220824_12_16_12_Pro.jpg,CS7,2,371,0,0,0
WIN_20220824_12_16_29_Pro.jpg,CS7,0,432,0,0,0
WIN_20220824_12_17_02_Pro.jpg,CS7,0,296,0,0,0
WIN_20220824_12_18_27_Pro.jpg,CS7,0,320,0,0,0
WIN_20220824_17_35_23_Pro.jpg,CS7,2,597,0,0,0
WIN_20220824_17_36_25_Pro.jpg,CS7,1,549,0,0,0
WIN_20220824_17_36_43_Pro.jpg,CS7,1,568,0,0,0
WIN_20220824_17_37_47_Pro.jpg,CS7,0,591,0,0,0
WIN_20220824_17_37_59_Pro.jpg,CS7,0,529,0,0,0
WIN_20220824_17_38_13_Pro.jpg,CS7,0,592,0,0,0
WIN_20220824_17_38_23_Pro.jpg,CS7,1,586,0,0,0
WIN_20220824_17_38_34_Pro.jpg,CS7,1,439,0,0,0
WIN_20220824_17_38_45_Pro.jpg,CS7,0,581,0,0,0
WIN_20220824_17_38_54_Pro.jpg,CS7,2,824,0,0,0
WIN_20220824_17_39_33_Pro.jpg,CS7,1,498,0,0,0
WIN_20220824_17_39_44_Pro.jpg,CS7,0,461,0,0,0
WIN_20220824_17_39_57_Pro.jpg,CS7,1,547,0,0,0
WIN_20220824_17_40_17_Pro.jpg,CS7,0,474,0,0,0
WIN_20220824_17_40_28_Pro.jpg,CS7,2,586,0,0,0
WIN_20220824_17_40_41_Pro.jpg,CS7,0,497,0,0,0
WIN_20220824_17_40_59_Pro.jpg,CS7,0,488,0,0,0
WIN_20220824_17_41_09_Pro.jpg,CS7,0,491,0,0,0
WIN_20220824_17_41_19_Pro.jpg,CS7,0,366,0,0,0
WIN_20220824_17_42_11_Pro.jpg,CS7,0,318,0,0,0
WIN_20220824_17_42_21_Pro.jpg,CS7,0,402,0,0,0
WIN_20220824_17_42_34_Pro.jpg,CS7,0,261,0,0,0
WIN_20220824_17_43_38_Pro.jpg,CS7,0,416,0,0,0
WIN_20220824_17_43_52_Pro.jpg,CS7,0,386,0,0,0
WIN_20220824_17_44_01_Pro.jpg,CS7,0,351,0,0,0
WIN_20220824_17_44_12_Pro.jpg,CS7,0,399,0,0,0
WIN_20220824_17_44_22_Pro.jpg,CS7,0,484,0,0,0
WIN_20220824_17_44_41_Pro.jpg,CS7,1,481,0,0,0
WIN_20220824_17_44_51_Pro.jpg,CS7,0,345,0,0,0
WIN_20220824_17_45_03_Pro.jpg,CS7,0,341,0,0,0
WIN_20220824_17_45_15_Pro.jpg,CS7,0,330,0,0,0
WIN_20220824_17_45_31_Pro.jpg,CS7,1,393,0,0,0
WIN_20220824_17_46_28_Pro.jpg,CS7,0,555,0,0,0
WIN_20220824_17_46_38_Pro.jpg,CS7,1,281,0,0,0
WIN_20220824_17_46_48_Pro.jpg,CS7,0,409,0,0,0
WIN_20220824_17_47_36_Pro.jpg,CS7,0,414,0,0,0
WIN_20220824_17_48_33_Pro.jpg,CS7,0,644,0,0,0
WIN_20220824_17_48_56_Pro.jpg,CS7,0,370,0,0,0
WIN_20220824_17_51_06_Pro.jpg,CS7,2,437,0,0,0
WIN_20220824_17_52_10_Pro.jpg,CS7,0,380,0,0,0
WIN_20220824_17_52_32_Pro.jpg,CS7,0,365,0,0,0
WIN_20220824_17_52_51_Pro.jpg,CS7,0,404,0,0,0
WIN_20220824_17_53_01_Pro.jpg,CS7,2,387,0,0,0
WIN_20220824_17_53_21_Pro.jpg,CS7,2,430,0,0,0
WIN_20220824_17_53_33_Pro.jpg,CS7,0,431,0,0,0
WIN_20220824_17_53_50_Pro.jpg,CS7,2,406,0,0,0
WIN_20220824_17_54_00_Pro.jpg,CS7,5,305,0,0,0
WIN_20220824_17_54_09_Pro.jpg,CS7,0,379,0,0,0
WIN_20220824_17_54_24_Pro.jpg,CS7,1,328,0,0,0
WIN_20220824_17_54_34_Pro.jpg,CS7,3,332,0,0,0
WIN_20220824_17_55_04_Pro.jpg,CS7,0,303,0,0,0
WIN_20220824_17_55_20_Pro.jpg,CS7,2,355,0,0,0
WIN_20220824_17_56_14_Pro.jpg,CS7,0,336,0,0,0
WIN_20220824_17_56_27_Pro.jpg,CS7,0,246,0,0,0
WIN_20220329_19_24_50_Pro.jpg,CS7,0,164,0,0,0
WIN_20220329_19_24_55_Pro.jpg,CS7,0,129,0,0,0
WIN_20220329_19_24_58_Pro.jpg,CS7,0,54,0,0,0
WIN_20220329_19_25_03_Pro.jpg,CS7,0,101,0,0,0
WIN_20220329_19_25_54_Pro.jpg,CS7,0,128,0,0,0
WIN_20220329_19_26_03_Pro.jpg,CS7,0,237,0,0,0
WIN_20220329_19_26_12_Pro.jpg,CS7,0,46,0,0,0
WIN_20220329_19_26_16_Pro.jpg,CS7,1,89,0,0,0
WIN_20220329_19_26_20_Pro.jpg,CS7,0,49,0,0,0
WIN_20220329_19_26_24_Pro.jpg,CS7,1,110,0,0,0
WIN_20220329_19_26_29_Pro.jpg,CS7,0,29,0,0,0
WIN_20220329_19_26_34_Pro.jpg,CS7,0,56,0,0,0
WIN_20220329_19_26_47_Pro.jpg,CS7,0,141,0,0,0
WIN_20220329_19_26_52_Pro.jpg,CS7,1,152,0,0,0
WIN_20220329_19_26_55_Pro.jpg,CS7,0,160,0,0,0
WIN_20220329_19_27_31_Pro.jpg,CS7,0,130,0,0,0
WIN_20220329_19_27_46_Pro.jpg,CS7,1,64,0,0,0
WIN_20220329_19_29_20_Pro.jpg,CS7,0,274,0,0,0
WIN_20220329_19_29_32_Pro.jpg,CS7,0,90,0,0,0
WIN_20220329_19_29_37_Pro.jpg,CS7,0,133,0,0,0
WIN_20220329_19_30_56_Pro.jpg,CS7,3,38,0,0,0
WIN_20220329_19_30_59_Pro.jpg,CS7,1,121,0,0,0
WIN_20220329_19_31_05_Pro.jpg,CS7,1,165,0,0,0
WIN_20220329_19_31_07_Pro.jpg,CS7,0,73,0,0,0
WIN_20220329_19_31_18_Pro.jpg,CS7,0,76,0,0,0
WIN_20220329_19_31_20_Pro.jpg,CS7,0,96,0,0,0
WIN_20220329_19_31_23_Pro.jpg,CS7,0,152,0,0,0
WIN_20220329_19_31_28_Pro.jpg,CS7,0,58,0,0,0
WIN_20220329_19_32_11_Pro.jpg,CS7,0,97,0,0,0
WIN_20220329_19_32_15_Pro.jpg,CS7,1,99,0,0,0
WIN_20220329_19_32_35_Pro.jpg,CS7,0,74,0,0,0
WIN_20220329_19_32_38_Pro.jpg,CS7,0,105,0,0,0
WIN_20220329_19_32_43_Pro.jpg,CS7,0,46,0,0,0
WIN_20220329_19_32_46_Pro.jpg,CS7,0,107,0,0,0
WIN_20220329_19_32_57_Pro.jpg,CS7,3,69,0,0,0
WIN_20220329_19_33_01_Pro.jpg,CS7,0,53,0,0,0
WIN_20220329_19_33_05_Pro.jpg,CS7,2,99,0,0,0
WIN_20220329_19_33_09_Pro.jpg,CS7,1,130,0,0,0
WIN_20220329_19_33_18_Pro.jpg,CS7,0,154,0,0,0
WIN_20220329_19_33_27_Pro.jpg,CS7,2,43,0,0,0
WIN_20220329_19_33_31_Pro.jpg,CS7,0,168,0,0,0
WIN_20220329_19_33_52_Pro.jpg,CS7,0,86,0,0,0
WIN_20220329_17_55_54_Pro.jpg,CS7,1,656,0,0,0
WIN_20220329_17_56_05_Pro.jpg,CS7,0,426,0,0,0
WIN_20220329_17_56_12_Pro.jpg,CS7,0,366,0,0,0
WIN_20220329_17_56_18_Pro.jpg,CS7,0,318,0,0,0
WIN_20220329_17_56_32_Pro.jpg,CS7,0,566,0,0,0
WIN_20220329_17_56_37_Pro.jpg,CS7,4,896,0,0,0
WIN_20220329_17_56_45_Pro.jpg,CS7,3,890,0,0,0
WIN_20220329_17_56_50_Pro.jpg,CS7,8,1511,0,0,0
WIN_20220329_17_56_57_Pro.jpg,CS7,3,676,0,0,0
WIN_20220329_17_57_02_Pro.jpg,CS7,7,959,0,0,0
WIN_20220329_17_57_09_Pro.jpg,CS7,1,561,0,0,0
WIN_20220329_17_57_15_Pro.jpg,CS7,3,732,0,0,0
WIN_20220329_17_57_52_Pro.jpg,CS7,1,913,0,0,0
WIN_20220329_17_57_57_Pro.jpg,CS7,0,1367,0,0,0
WIN_20220329_17_58_02_Pro.jpg,CS7,1,1055,0,0,0
WIN_20220329_17_58_08_Pro.jpg,CS7,1,1055,0,0,0
WIN_20220329_17_58_34_Pro.jpg,CS7,0,784,0,0,0
WIN_20220329_17_58_38_Pro.jpg,CS7,3,1348,0,0,0
WIN_20220329_17_58_44_Pro.jpg,CS7,4,1227,0,0,0
WIN_20220329_17_58_49_Pro.jpg,CS7,1,1597,0,0,0
WIN_20220329_17_59_14_Pro.jpg,CS7,2,815,0,0,0
WIN_20220329_17_59_18_Pro.jpg,CS7,5,1522,0,0,0
WIN_20220329_17_59_22_Pro.jpg,CS7,2,1251,0,0,0
WIN_20220329_17_59_25_Pro.jpg,CS7,2,1622,0,0,0
WIN_20220329_18_01_20_Pro.jpg,CS7,2,1417,0,0,0
WIN_20220329_18_01_24_Pro.jpg,CS7,2,1198,0,0,0
WIN_20220329_18_01_30_Pro.jpg,CS7,2,1409,0,0,0
WIN_20220329_18_01_36_Pro.jpg,CS7,0,913,0,0,0
WIN_20220329_18_02_59_Pro.jpg,CS7,0,818,0,0,0
WIN_20220329_18_03_05_Pro.jpg,CS7,1,666,0,0,0
WIN_20220329_18_03_58_Pro.jpg,CS7,2,1324,0,0,0
WIN_20220329_18_04_03_Pro.jpg,CS7,2,1079,0,0,0
WIN_20220329_18_04_09_Pro.jpg,CS7,2,1205,0,0,0
WIN_20220329_18_04_15_Pro.jpg,CS7,3,1150,0,0,0
WIN_20220329_18_04_39_Pro.jpg,CS7,7,1173,0,0,0
WIN_20220329_18_04_43_Pro.jpg,CS7,2,1648,0,0,0
WIN_20220329_18_04_48_Pro.jpg,CS7,2,1086,0,0,0
WIN_20220329_18_04_51_Pro.jpg,CS7,4,1672,0,0,0
WIN_20220329_18_05_09_Pro.jpg,CS7,2,1124,0,0,0
WIN_20220329_18_05_13_Pro.jpg,CS7,1,847,0,0,0
WIN_20220329_18_05_18_Pro.jpg,CS7,4,908,0,0,0
WIN_20220329_18_05_22_Pro.jpg,CS7,1,789,0,0,0
WIN_20220822_15_27_45_Pro.jpg,CS7,2,165,0,0,0
WIN_20220822_15_28_14_Pro.jpg,CS7,0,115,0,0,0
WIN_20220822_15_28_42_Pro.jpg,CS7,3,121,0,0,0
WIN_20220822_15_28_58_Pro.jpg,CS7,1,118,0,0,0
WIN_20220822_15_29_40_Pro.jpg,CS7,0,94,0,0,0
WIN_20220822_15_29_48_Pro.jpg,CS7,4,304,0,0,0
WIN_20220822_15_29_57_Pro.jpg,CS7,0,91,0,0,0
WIN_20220822_15_30_02_Pro.jpg,CS7,0,127,0,0,0
WIN_20220822_15_31_24_Pro.jpg,CS7,0,153,0,0,0
WIN_20220822_15_31_35_Pro.jpg,CS7,2,143,0,0,0
WIN_20220822_15_31_50_Pro.jpg,CS7,2,153,0,0,0
WIN_20220822_15_32_00_Pro.jpg,CS7,2,215,0,0,0
WIN_20220822_15_32_29_Pro.jpg,CS7,2,156,0,0,0
WIN_20220822_15_32_40_Pro.jpg,CS7,0,123,0,0,0
WIN_20220822_15_34_01_Pro.jpg,CS7,5,135,0,0,0
WIN_20220822_15_34_29_Pro.jpg,CS7,2,151,0,0,0
WIN_20220822_15_35_36_Pro.jpg,CS7,0,180,0,0,0
WIN_20220822_15_35_43_Pro.jpg,CS7,0,136,0,0,0
WIN_20220822_15_36_54_Pro.jpg,CS7,0,136,0,0,0
WIN_20220822_15_37_00_Pro.jpg,CS7,0,133,0,0,0
WIN_20220822_15_38_02_Pro.jpg,CS7,0,85,0,0,0
WIN_20220822_15_38_18_Pro.jpg,CS7,1,98,0,0,0
WIN_20220822_15_39_07_Pro.jpg,CS7,5,184,0,0,0
WIN_20220822_15_39_22_Pro.jpg,CS7,1,141,0,0,0
WIN_20220822_15_39_32_Pro.jpg,CS7,4,270,0,0,0
WIN_20220822_15_39_41_Pro.jpg,CS7,3,188,0,0,0
WIN_20220822_15_40_11_Pro.jpg,CS7,3,314,0,0,0
WIN_20220822_15_40_18_Pro.jpg,CS7,0,148,0,0,0
WIN_20220822_15_40_24_Pro.jpg,CS7,1,294,0,0,0
WIN_20220822_15_40_30_Pro.jpg,CS7,2,159,0,0,0
WIN_20220822_15_41_06_Pro.jpg,CS7,1,183,0,0,0
WIN_20220822_15_41_12_Pro.jpg,CS7,2,130,0,0,0
WIN_20220822_15_41_20_Pro.jpg,CS7,2,275,0,0,0
WIN_20220822_15_41_26_Pro.jpg,CS7,0,143,0,0,0
WIN_20220822_15_41_39_Pro.jpg,CS7,8,214,0,0,0
WIN_20220822_15_41_47_Pro.jpg,CS7,1,170,0,0,0
WIN_20220822_15_41_55_Pro.jpg,CS7,2,174,0,0,0
WIN_20220822_15_42_03_Pro.jpg,CS7,0,209,0,0,0
WIN_20220822_15_42_12_Pro.jpg,CS7,3,232,0,0,0
WIN_20220822_15_42_20_Pro.jpg,CS7,4,132,0,0,0
WIN_20220822_15_42_31_Pro.jpg,CS7,6,223,0,0,0
WIN_20220822_15_42_38_Pro.jpg,CS7,0,151,0,0,0
WIN_20220824_18_02_05_Pro.jpg,CS7,1,328,0,0,0
WIN_20220824_18_02_13_Pro.jpg,CS7,0,258,0,0,0
WIN_20220824_18_02_25_Pro.jpg,CS7,0,455,0,0,0
WIN_20220824_18_02_36_Pro.jpg,CS7,0,342,0,0,0
WIN_20220824_18_02_51_Pro.jpg,CS7,0,225,0,0,0
WIN_20220824_18_02_58_Pro.jpg,CS7,0,300,0,0,0
WIN_20220824_18_03_07_Pro.jpg,CS7,0,209,0,0,0
WIN_20220824_18_03_16_Pro.jpg,CS7,0,183,0,0,0
WIN_20220824_18_03_35_Pro.jpg,CS7,0,372,0,0,0
WIN_20220824_18_03_47_Pro.jpg,CS7,0,209,0,0,0
WIN_20220824_18_04_00_Pro.jpg,CS7,0,252,0,0,0
WIN_20220824_18_04_11_Pro.jpg,CS7,0,265,0,0,0
WIN_20220824_18_06_30_Pro.jpg,CS7,0,279,0,0,0
WIN_20220824_18_06_38_Pro.jpg,CS7,2,238,0,0,0
WIN_20220824_18_06_49_Pro.jpg,CS7,0,336,0,0,0
WIN_20220824_18_06_59_Pro.jpg,CS7,0,250,0,0,0
WIN_20220824_18_08_09_Pro.jpg,CS7,2,332,0,0,0
WIN_20220824_18_08_32_Pro.jpg,CS7,0,271,0,0,0
WIN_20220824_18_09_00_Pro.jpg,CS7,1,129,0,0,0
WIN_20220824_18_09_11_Pro.jpg,CS7,0,142,0,0,0
WIN_20220824_18_09_25_Pro.jpg,CS7,1,367,0,0,0
WIN_20220824_18_09_38_Pro.jpg,CS7,1,311,0,0,0
WIN_20220824_18_10_06_Pro.jpg,CS7,2,220,0,0,0
WIN_20220824_18_10_18_Pro.jpg,CS7,1,395,0,0,0
WIN_20220824_18_10_28_Pro.jpg,CS7,2,388,0,0,0
WIN_20220824_18_10_40_Pro.jpg,CS7,0,323,0,0,0
WIN_20220824_18_10_54_Pro.jpg,CS7,0,411,0,0,0
WIN_20220824_18_11_02_Pro.jpg,CS7,0,540,0,0,0
WIN_20220824_18_11_16_Pro.jpg,CS7,1,415,0,0,0
WIN_20220824_18_11_24_Pro.jpg,CS7,2,495,0,0,0
WIN_20220824_18_11_49_Pro.jpg,CS7,0,359,0,0,0
WIN_20220824_18_11_59_Pro.jpg,CS7,0,339,0,0,0
WIN_20220824_18_12_34_Pro.jpg,CS7,1,296,0,0,0
WIN_20220824_18_12_43_Pro.jpg,CS7,0,339,0,0,0
WIN_20220824_18_13_00_Pro.jpg,CS7,1,603,0,0,0
WIN_20220824_18_13_23_Pro.jpg,CS7,0,230,0,0,0
WIN_20220824_18_13_37_Pro.jpg,CS7,2,644,0,0,0
WIN_20220824_18_13_48_Pro.jpg,CS7,0,264,0,0,0
WIN_20220824_18_14_06_Pro.jpg,CS7,0,381,0,0,0
WIN_20220824_18_14_38_Pro.jpg,CS7,0,333,0,0,0
WIN_20220824_18_14_57_Pro.jpg,CS7,0,438,0,0,0
WIN_20220824_18_15_14_Pro.jpg,CS7,1,379,0,0,0
WIN_20220329_19_40_06_Pro.jpg,CS7,0,204,0,0,0
WIN_20220329_19_40_31_Pro.jpg,CS7,0,103,0,0,0
WIN_20220329_19_40_41_Pro.jpg,CS7,0,168,0,0,0
WIN_20220329_19_40_53_Pro.jpg,CS7,0,146,0,0,0
WIN_20220329_19_40_57_Pro.jpg,CS7,0,170,0,0,0
WIN_20220329_19_41_06_Pro.jpg,CS7,0,119,0,0,0
WIN_20220329_19_41_19_Pro.jpg,CS7,0,134,0,0,0
WIN_20220329_19_41_27_Pro.jpg,CS7,0,180,0,0,0
WIN_20220329_19_41_36_Pro.jpg,CS7,1,136,0,0,0
WIN_20220329_19_41_47_Pro.jpg,CS7,0,110,0,0,0
WIN_20220329_19_35_58_Pro.jpg,CS7,28,1953,0,0,0
WIN_20220329_19_36_24_Pro.jpg,CS7,19,2064,0,0,0
WIN_20220329_19_36_29_Pro.jpg,CS7,4,1767,0,0,0
WIN_20220329_19_36_44_Pro.jpg,CS7,4,1680,0,0,0
WIN_20220329_19_36_50_Pro.jpg,CS7,7,2605,0,0,0
WIN_20220329_19_37_01_Pro.jpg,CS7,4,1677,0,0,0
WIN_20220329_19_37_29_Pro.jpg,CS7,1,1955,0,0,0
WIN_20220329_19_37_41_Pro.jpg,CS7,4,731,0,0,0
WIN_20220329_19_37_56_Pro.jpg,CS7,5,1158,0,0,0
WIN_20220329_19_38_09_Pro.jpg,CS7,4,1057,0,0,0
WIN_20220822_15_43_54_Pro.jpg,CS7,0,251,0,0,0
WIN_20220822_15_44_38_Pro.jpg,CS7,3,228,0,0,0
WIN_20220822_15_44_50_Pro.jpg,CS7,2,179,0,0,0
WIN_20220822_15_45_36_Pro.jpg,CS7,4,267,0,0,0
WIN_20220822_15_47_09_Pro.jpg,CS7,3,187,0,0,0
WIN_20220822_15_47_38_Pro.jpg,CS7,5,230,0,0,0
WIN_20220822_15_47_54_Pro.jpg,CS7,5,275,0,0,0
WIN_20220822_15_48_20_Pro.jpg,CS7,2,330,0,0,0
WIN_20220822_15_49_01_Pro.jpg,CS7,2,239,0,0,0
WIN_20220822_15_49_16_Pro.jpg,CS7,5,246,0,0,0
WIN_20220824_18_16_41_Pro.jpg,CS7,0,271,0,0,0
WIN_20220824_18_16_51_Pro.jpg,CS7,2,359,0,0,0
WIN_20220824_18_17_07_Pro.jpg,CS7,3,404,0,0,0
WIN_20220824_18_17_36_Pro.jpg,CS7,1,331,0,0,0
WIN_20220824_18_17_57_Pro.jpg,CS7,1,296,0,0,0
WIN_20220824_18_18_19_Pro.jpg,CS7,1,371,0,0,0
WIN_20220824_18_18_35_Pro.jpg,CS7,0,542,0,0,0
WIN_20220824_18_19_02_Pro.jpg,CS7,0,369,0,0,0
WIN_20220824_18_19_17_Pro.jpg,CS7,1,468,0,0,0
WIN_20220824_18_19_30_Pro.jpg,CS7,0,417,0,0,0
